{
	"credit": "Made by leagris for Soartex Fanver, with Blockbench, a free, modern block model editor by JannisX11",
	"ambientocclusion": false,
	"textures": {
		"rail": "block/rail",
		"texture": "block/detector_rail",
		"particle": "block/detector_rail",
		"rail_parts": "block/rail/rail_parts"
	},
	"elements": [
		{
			"name": "cube",
			"from": [1.5, 8, -1.5],
			"to": [14.5, 9, 0.75],
			"faces": {
				"north": {"uv": [12.984, 9.016, 0.016, 9.984], "texture": "#rail_parts"},
				"east": {"uv": [15.234, 9.016, 13.016, 9.984], "texture": "#rail_parts"},
				"south": {"uv": [0.016, 9.016, 12.984, 9.984], "texture": "#rail_parts"},
				"west": {"uv": [13.016, 9.016, 15.234, 9.984], "texture": "#rail_parts"},
				"up": {"uv": [0.016, 0.016, 12.984, 2.234], "texture": "#rail_parts"},
				"down": {"uv": [0.016, 2.234, 12.984, 0.016], "texture": "#rail_parts"}
			},
			"rotation": {"origin": [8, 8, 8], "axis": "x", "angle": -45},
			"type": "cube"
		},
		{
			"name": "cube",
			"from": [13.25, 9, -0.75],
			"to": [14, 9.25, 0],
			"faces": {
				"north": {"uv": [13.984, 1.766, 13.266, 1.984], "texture": "#texture"},
				"east": {"uv": [13.766, 1.766, 13.984, 2.484], "texture": "#texture", "rotation": 90},
				"south": {"uv": [13.266, 2.266, 13.984, 2.484], "texture": "#texture"},
				"up": {"uv": [13.266, 1.766, 13.984, 2.484], "texture": "#texture"}
			},
			"rotation": {"origin": [8, 8, 8], "axis": "x", "angle": -45},
			"type": "cube"
		},
		{
			"name": "cube",
			"from": [2, 9, -0.75],
			"to": [2.75, 9.25, 0],
			"faces": {
				"north": {"uv": [2.016, 1.766, 2.734, 1.984], "texture": "#texture"},
				"south": {"uv": [2.734, 2.266, 2.016, 2.484], "texture": "#texture"},
				"west": {"uv": [2.516, 1.766, 2.734, 2.484], "texture": "#texture", "rotation": 270},
				"up": {"uv": [2.734, 1.766, 2.016, 2.484], "texture": "#texture"}
			},
			"rotation": {"origin": [8, 8, 8], "axis": "x", "angle": -45},
			"type": "cube"
		},
		{
			"name": "cube",
			"from": [2, 9, 3.75],
			"to": [2.75, 9.25, 4.5],
			"faces": {
				"north": {"uv": [2.016, 5.766, 2.734, 5.984], "texture": "#texture"},
				"south": {"uv": [2.734, 6.266, 2.016, 6.484], "texture": "#texture"},
				"west": {"uv": [2.516, 5.766, 2.734, 6.484], "texture": "#texture", "rotation": 270},
				"up": {"uv": [2.734, 5.766, 2.016, 6.484], "texture": "#texture"}
			},
			"rotation": {"origin": [8, 8, 8], "axis": "x", "angle": -45},
			"type": "cube"
		},
		{
			"name": "cube",
			"from": [1.5, 8, 3],
			"to": [14.5, 9, 5.25],
			"faces": {
				"north": {"uv": [12.984, 9.016, 0.016, 9.984], "texture": "#rail_parts"},
				"east": {"uv": [15.234, 9.016, 13.016, 9.984], "texture": "#rail_parts"},
				"south": {"uv": [0.016, 9.016, 12.984, 9.984], "texture": "#rail_parts"},
				"west": {"uv": [13.016, 9.016, 15.234, 9.984], "texture": "#rail_parts"},
				"up": {"uv": [0.016, 2.266, 12.9678, 4.4678], "texture": "#rail_parts"},
				"down": {"uv": [0.016, 4.484, 12.984, 2.266], "texture": "#rail_parts"}
			},
			"rotation": {"origin": [8, 8, 8], "axis": "x", "angle": -45},
			"type": "cube"
		},
		{
			"name": "cube",
			"from": [13.25, 9, 3.75],
			"to": [14, 9.25, 4.5],
			"faces": {
				"north": {"uv": [13.984, 5.766, 13.266, 5.984], "texture": "#texture"},
				"east": {"uv": [13.766, 5.766, 13.984, 6.484], "texture": "#texture", "rotation": 90},
				"south": {"uv": [13.266, 6.266, 13.984, 6.484], "texture": "#texture"},
				"up": {"uv": [13.266, 5.766, 13.984, 6.484], "texture": "#texture"}
			},
			"rotation": {"origin": [8, 8, 8], "axis": "x", "angle": -45},
			"type": "cube"
		},
		{
			"name": "cube",
			"from": [13.25, 9, 12.75],
			"to": [14, 9.25, 13.5],
			"faces": {
				"north": {"uv": [13.984, 13.766, 13.266, 13.984], "texture": "#texture"},
				"east": {"uv": [13.766, 13.766, 13.984, 14.484], "texture": "#texture", "rotation": 90},
				"south": {"uv": [13.266, 14.266, 13.984, 14.484], "texture": "#texture"},
				"up": {"uv": [2.734, 13.766, 2.016, 14.484], "texture": "#texture"}
			},
			"rotation": {"origin": [8, 8, 8], "axis": "x", "angle": -45},
			"type": "cube"
		},
		{
			"name": "cube",
			"from": [2, 9, 12.75],
			"to": [2.75, 9.25, 13.5],
			"faces": {
				"north": {"uv": [2.016, 13.766, 2.734, 13.984], "texture": "#texture"},
				"south": {"uv": [2.734, 14.266, 2.016, 14.484], "texture": "#texture"},
				"west": {"uv": [2.516, 13.766, 2.734, 14.484], "texture": "#texture", "rotation": 270},
				"up": {"uv": [2.734, 13.766, 2.016, 14.484], "texture": "#texture"}
			},
			"rotation": {"origin": [8, 8, 8], "axis": "x", "angle": -45},
			"type": "cube"
		},
		{
			"name": "cube",
			"from": [13.25, 9, 17.25],
			"to": [14, 9.25, 18],
			"faces": {
				"north": {"uv": [13.984, 5.766, 13.266, 5.984], "texture": "#texture"},
				"east": {"uv": [13.766, 5.766, 13.984, 6.484], "texture": "#texture", "rotation": 90},
				"south": {"uv": [13.266, 6.266, 13.984, 6.484], "texture": "#texture"},
				"up": {"uv": [13.266, 5.766, 13.984, 6.484], "texture": "#texture"}
			},
			"rotation": {"origin": [8, 8, 8], "axis": "x", "angle": -45},
			"type": "cube"
		},
		{
			"name": "cube",
			"from": [1.5, 8, 16.5],
			"to": [14.5, 9, 18.75],
			"faces": {
				"north": {"uv": [12.984, 9.016, 0.016, 9.984], "texture": "#rail_parts"},
				"east": {"uv": [15.234, 9.016, 13.016, 9.984], "texture": "#rail_parts"},
				"south": {"uv": [0.016, 9.016, 12.984, 9.984], "texture": "#rail_parts"},
				"west": {"uv": [13.016, 9.016, 15.234, 9.984], "texture": "#rail_parts"},
				"up": {"uv": [0.016, 2.266, 12.984, 4.484], "texture": "#rail_parts"},
				"down": {"uv": [0.016, 4.484, 12.984, 2.266], "texture": "#rail_parts"}
			},
			"rotation": {"origin": [8, 8, 8], "axis": "x", "angle": -45},
			"type": "cube"
		},
		{
			"name": "cube",
			"from": [2, 9, 17.25],
			"to": [2.75, 9.25, 18],
			"faces": {
				"north": {"uv": [2.016, 5.766, 2.734, 5.984], "texture": "#texture"},
				"south": {"uv": [2.734, 6.266, 2.016, 6.484], "texture": "#texture"},
				"west": {"uv": [2.516, 5.766, 2.734, 6.484], "texture": "#texture", "rotation": 270},
				"up": {"uv": [2.734, 5.766, 2.016, 6.484], "texture": "#texture"}
			},
			"rotation": {"origin": [8, 8, 8], "axis": "x", "angle": -45},
			"type": "cube"
		},
		{
			"name": "cube",
			"from": [2, 9, 8.25],
			"to": [2.75, 9.25, 9],
			"faces": {
				"north": {"uv": [2.016, 9.766, 2.734, 9.984], "texture": "#texture"},
				"south": {"uv": [2.734, 10.266, 2.016, 10.484], "texture": "#texture"},
				"west": {"uv": [2.516, 9.766, 2.734, 10.484], "texture": "#texture", "rotation": 270},
				"up": {"uv": [2.734, 9.766, 2.016, 10.484], "texture": "#texture"}
			},
			"rotation": {"origin": [8, 8, 8], "axis": "x", "angle": -45},
			"type": "cube"
		},
		{
			"name": "cube",
			"from": [13.25, 9, 8.25],
			"to": [14, 9.25, 9],
			"faces": {
				"north": {"uv": [13.984, 9.766, 13.266, 9.984], "texture": "#texture"},
				"east": {"uv": [13.766, 9.766, 13.984, 10.484], "texture": "#texture", "rotation": 90},
				"south": {"uv": [13.266, 10.266, 13.984, 10.484], "texture": "#texture"},
				"up": {"uv": [13.266, 9.766, 13.984, 10.484], "texture": "#texture"}
			},
			"rotation": {"origin": [8, 8, 8], "axis": "x", "angle": -45},
			"type": "cube"
		},
		{
			"name": "cube",
			"from": [4.25, 9, 13],
			"to": [5, 9.25, 13.25],
			"faces": {
				"north": {"uv": [4.266, 9.766, 4.984, 9.984], "texture": "#texture"},
				"south": {"uv": [4.266, 10.016, 4.984, 10.234], "texture": "#texture"},
				"up": {"uv": [4.266, 9.766, 4.984, 9.984], "texture": "#texture"}
			},
			"rotation": {"origin": [16, 8, 8], "axis": "x", "angle": -45},
			"type": "cube"
		},
		{
			"name": "cube",
			"from": [11, 9, 13],
			"to": [11.75, 9.25, 13.25],
			"faces": {
				"north": {"uv": [11.734, 9.766, 11.016, 9.984], "texture": "#texture"},
				"south": {"uv": [11.016, 10.016, 11.734, 10.234], "texture": "#texture"},
				"up": {"uv": [11.016, 9.766, 11.734, 9.984], "texture": "#texture"}
			},
			"rotation": {"origin": [16, 8, 8], "axis": "x", "angle": -45},
			"type": "cube"
		},
		{
			"name": "cube",
			"from": [5, 9, 12.75],
			"to": [11, 9.25, 13.5],
			"faces": {
				"north": {"uv": [10.984, 9.766, 5.016, 9.984], "texture": "#texture"},
				"east": {"uv": [10.766, 9.766, 10.984, 10.484], "texture": "#texture", "rotation": 90},
				"south": {"uv": [5.016, 10.266, 10.984, 10.484], "texture": "#texture"},
				"west": {"uv": [5.016, 9.766, 5.234, 10.484], "texture": "#texture", "rotation": 270},
				"up": {"uv": [5.016, 9.766, 10.984, 10.484], "texture": "#texture"}
			},
			"rotation": {"origin": [16, 8, 8], "axis": "x", "angle": -45},
			"type": "cube"
		},
		{
			"name": "cube",
			"from": [5.25, 9.25, 13],
			"to": [10.75, 9.5, 13.25],
			"faces": {
				"north": {"uv": [10.734, 10.016, 5.266, 10.234], "texture": "#texture"},
				"east": {"uv": [10.516, 10.016, 10.734, 10.234], "texture": "#texture"},
				"south": {"uv": [5.266, 10.016, 10.734, 10.234], "texture": "#texture"},
				"west": {"uv": [5.266, 10.016, 5.484, 10.234], "texture": "#texture"},
				"up": {"uv": [5.266, 10.016, 10.734, 10.234], "texture": "#texture"}
			},
			"rotation": {"origin": [16, 8, 8], "axis": "x", "angle": -45},
			"type": "cube"
		},
		{
			"name": "cube",
			"from": [4.25, 9, 4],
			"to": [5, 9.25, 4.25],
			"faces": {
				"north": {"uv": [4.968, 6.016, 4.266, 6.234], "texture": "#texture"},
				"south": {"uv": [4.266, 6.266, 4.968, 6.484], "texture": "#texture"},
				"up": {"uv": [4.266, 6.016, 4.968, 6.234], "texture": "#texture"}
			},
			"rotation": {"origin": [16, 8, 8], "axis": "x", "angle": -45},
			"type": "cube"
		},
		{
			"name": "cube",
			"from": [11, 9, 4],
			"to": [11.75, 9.25, 4.25],
			"faces": {
				"north": {"uv": [11.734, 6.016, 11.016, 6.234], "texture": "#texture"},
				"south": {"uv": [11.016, 6.266, 11.718, 6.468], "texture": "#texture"},
				"up": {"uv": [11.016, 6.016, 11.734, 6.234], "texture": "#texture"}
			},
			"rotation": {"origin": [16, 8, 8], "axis": "x", "angle": -45},
			"type": "cube"
		},
		{
			"name": "cube",
			"from": [5, 9, 3.75],
			"to": [11, 9.25, 4.5],
			"faces": {
				"north": {"uv": [10.984, 5.766, 5.016, 5.984], "texture": "#texture"},
				"east": {"uv": [10.7016, 5.7016, 10.984, 6.484], "texture": "#texture", "rotation": 90},
				"south": {"uv": [5.016, 6.266, 10.968, 6.484], "texture": "#texture"},
				"west": {"uv": [5.218, 5.7016, 5.016, 6.468], "texture": "#texture", "rotation": 270},
				"up": {"uv": [5.016, 5.766, 10.984, 6.484], "texture": "#texture"}
			},
			"rotation": {"origin": [16, 8, 8], "axis": "x", "angle": -45},
			"type": "cube"
		},
		{
			"name": "cube",
			"from": [5.25, 9.25, 4],
			"to": [10.75, 9.5, 4.25],
			"faces": {
				"north": {"uv": [10.734, 6.016, 5.266, 6.234], "texture": "#texture"},
				"east": {"uv": [10.516, 6.016, 10.734, 6.234], "texture": "#texture"},
				"south": {"uv": [5.266, 6.016, 10.734, 6.234], "texture": "#texture"},
				"west": {"uv": [5.266, 6.016, 5.484, 6.234], "texture": "#texture"},
				"up": {"uv": [5.266, 6.016, 10.734, 6.234], "texture": "#texture"}
			},
			"rotation": {"origin": [16, 8, 8], "axis": "x", "angle": -45},
			"type": "cube"
		},
		{
			"name": "cube",
			"from": [1.5, 8, 12],
			"to": [14.5, 9, 14.25],
			"faces": {
				"north": {"uv": [12.984, 9.016, 0.016, 9.984], "texture": "#rail_parts"},
				"east": {"uv": [15.234, 9.016, 13.016, 9.984], "texture": "#rail_parts"},
				"south": {"uv": [0.016, 9.016, 12.984, 9.984], "texture": "#rail_parts"},
				"west": {"uv": [13.016, 9.016, 15.234, 9.984], "texture": "#rail_parts"},
				"up": {"uv": [0.016, 6.766, 12.984, 8.984], "texture": "#rail_parts"},
				"down": {"uv": [0.016, 8.984, 12.984, 6.766], "texture": "#rail_parts"}
			},
			"rotation": {"origin": [8, 8, 8], "axis": "x", "angle": -45},
			"type": "cube"
		},
		{
			"name": "cube",
			"from": [1.5, 8, 7.5],
			"to": [14.5, 9, 9.75],
			"faces": {
				"north": {"uv": [12.984, 9.016, 0.016, 9.984], "texture": "#rail_parts"},
				"east": {"uv": [15.234, 9.016, 13.016, 9.984], "texture": "#rail_parts"},
				"south": {"uv": [0.016, 9.016, 12.984, 9.984], "texture": "#rail_parts"},
				"west": {"uv": [13.016, 9.016, 15.234, 9.984], "texture": "#rail_parts"},
				"up": {"uv": [0.016, 4.516, 12.984, 6.734], "texture": "#rail_parts"},
				"down": {"uv": [0.016, 6.734, 12.984, 4.516], "texture": "#rail_parts"}
			},
			"rotation": {"origin": [8, 8, 8], "axis": "x", "angle": -45},
			"type": "cube"
		},
		{
			"name": "cube",
			"from": [4.5, 9.25, 8],
			"to": [11.5, 9.5, 9.25],
			"faces": {
				"east": {"uv": [4.718, 7.516, 4.5, 8.734], "texture": "#texture", "rotation": 90},
				"south": {"uv": [4.516, 7.266, 11.484, 7.484], "texture": "#texture"},
				"west": {"uv": [11.266, 7.516, 11.484, 8.734], "texture": "#texture", "rotation": 270},
				"up": {"uv": [11.484, 7.516, 4.516, 8.734], "texture": "#texture"}
			},
			"rotation": {"origin": [16, 8, 8], "axis": "x", "angle": -45},
			"type": "cube"
		},
		{
			"name": "cube",
			"from": [4.25, 9, 8.25],
			"to": [11.75, 9.25, 9],
			"faces": {
				"up": {"uv": [11.734, 8.234, 4.266, 7.516], "texture": "#texture"},
				"down": {"uv": [11.734, 7.516, 4.266, 8.234], "texture": "#texture"}
			},
			"rotation": {"origin": [16, 8, 8], "axis": "x", "angle": -45},
			"type": "cube"
		},
		{
			"name": "cube",
			"from": [4.5, 9.25, 6],
			"to": [11.5, 9.5, 8],
			"faces": {
				"north": {"uv": [11.484, 7.016, 4.516, 7.234], "texture": "#texture"},
				"east": {"uv": [11.266, 7.016, 11.484, 8.982], "texture": "#texture", "rotation": 90},
				"west": {"uv": [4.516, 7.016, 4.734, 8.984], "texture": "#texture", "rotation": 270},
				"up": {"uv": [4.516, 7.016, 11.484, 8.984], "texture": "#texture"}
			},
			"rotation": {"origin": [16, 8, 8], "axis": "x", "angle": -45},
			"type": "cube"
		},
		{
			"name": "cube",
			"from": [4.25, 9, 5.75],
			"to": [11.75, 9.25, 8.25],
			"faces": {
				"north": {"uv": [11.734, 6.516, 4.266, 6.734], "texture": "#texture"},
				"up": {"uv": [4.266, 6.516, 11.734, 8.984], "texture": "#texture"},
				"down": {"uv": [4.266, 8.984, 11.734, 6.516], "texture": "#texture"}
			},
			"rotation": {"origin": [16, 8, 8], "axis": "x", "angle": -45},
			"type": "cube"
		},
		{
			"name": "cube",
			"from": [4.25, 9, 9],
			"to": [11.75, 9.25, 11.5],
			"faces": {
				"south": {"uv": [4.266, 9.266, 11.718, 9.484], "texture": "#texture"},
				"up": {"uv": [4.266, 7.016, 11.734, 9.484], "texture": "#texture"},
				"down": {"uv": [4.266, 9.484, 11.734, 7.016], "texture": "#texture"}
			},
			"rotation": {"origin": [16, 8, 8], "axis": "x", "angle": -45},
			"type": "cube"
		},
		{
			"name": "cube",
			"from": [4.5, 9.25, 9.25],
			"to": [11.5, 9.5, 11.25],
			"faces": {
				"east": {"uv": [11.266, 7.016, 11.484, 8.984], "texture": "#texture", "rotation": 270},
				"south": {"uv": [4.516, 7.016, 11.484, 7.234], "texture": "#texture"},
				"west": {"uv": [4.516, 7.016, 4.734, 8.984], "texture": "#texture", "rotation": 90},
				"up": {"uv": [4.516, 8.984, 11.484, 7.016], "texture": "#texture"}
			},
			"rotation": {"origin": [16, 8, 8], "axis": "x", "angle": -45},
			"type": "cube"
		},
		{
			"name": "cube",
			"from": [11.75, 8.5, 0.75],
			"to": [13.25, 9.5, 2],
			"faces": {
				"east": {"uv": [15.984, 15.016, 14.766, 15.984], "texture": "#rail_parts"},
				"south": {"uv": [11.766, 0.016, 13.234, 0.984], "texture": "#texture"},
				"west": {"uv": [14.766, 15.016, 15.984, 15.984], "texture": "#rail_parts"},
				"up": {"uv": [11.766, 0.266, 13.234, 1.484], "texture": "#texture"},
				"down": {"uv": [11.766, 1.484, 13.234, 0.266], "texture": "#texture"}
			},
			"rotation": {"origin": [16, 8, 8], "axis": "x", "angle": -45},
			"type": "cube"
		},
		{
			"name": "cube",
			"from": [12.25, 8.75, 2],
			"to": [12.75, 9.25, 15.25],
			"faces": {
				"up": {"uv": [12.266, 1.516, 12.734, 14.734], "texture": "#texture"},
				"down": {"uv": [12.266, 14.734, 12.734, 1.516], "texture": "#texture"}
			},
			"rotation": {"origin": [16, 8, 8], "axis": "x", "angle": -45},
			"type": "cube"
		},
		{
			"name": "cube",
			"from": [11.75, 8.5, 15.25],
			"to": [13.25, 9.5, 16.5],
			"faces": {
				"north": {"uv": [2.766, 15.016, 4.234, 15.984], "texture": "#texture"},
				"east": {"uv": [0.016, 15.016, 1.234, 15.984], "texture": "#rail_parts"},
				"west": {"uv": [1.234, 15.016, 0.016, 15.984], "texture": "#rail_parts"},
				"up": {"uv": [11.766, 14.766, 13.234, 15.984], "texture": "#texture"},
				"down": {"uv": [11.766, 15.984, 13.234, 14.766], "texture": "#texture"}
			},
			"rotation": {"origin": [16, 8, 8], "axis": "x", "angle": -45},
			"type": "cube"
		},
		{
			"name": "cube",
			"from": [11.75, 8.5, 2],
			"to": [12.25, 9.5, 15.25],
			"faces": {
				"east": {"uv": [14.734, 15.016, 1.516, 15.984], "texture": "#rail_parts"},
				"west": {"uv": [14.734, 15.016, 1.516, 15.984], "texture": "#rail_parts"},
				"up": {"uv": [11.786, 1.516, 12.234, 14.734], "texture": "#texture"},
				"down": {"uv": [11.786, 14.734, 12.234, 1.516], "texture": "#texture"}
			},
			"rotation": {"origin": [16, 8, 8], "axis": "x", "angle": -45},
			"type": "cube"
		},
		{
			"name": "cube",
			"from": [12.75, 8.5, 2],
			"to": [13.25, 9.5, 15.25],
			"faces": {
				"east": {"uv": [14.484, 15.016, 1.266, 15.984], "texture": "#rail_parts"},
				"west": {"uv": [14.734, 15.016, 1.516, 15.984], "texture": "#rail_parts"},
				"up": {"uv": [12.766, 1.516, 13.214, 14.734], "texture": "#texture"},
				"down": {"uv": [12.766, 14.734, 13.214, 1.516], "texture": "#texture"}
			},
			"rotation": {"origin": [16, 8, 8], "axis": "x", "angle": -45},
			"type": "cube"
		},
		{
			"name": "cube",
			"from": [2.75, 8.5, 0.75],
			"to": [4.25, 9.5, 2],
			"faces": {
				"east": {"uv": [1.234, 15.016, 0.016, 15.984], "texture": "#rail_parts"},
				"south": {"uv": [2.766, 0.016, 4.234, 0.984], "texture": "#texture"},
				"west": {"uv": [15.984, 15.016, 14.7016, 15.984], "texture": "#rail_parts"},
				"up": {"uv": [2.766, 0.266, 4.234, 1.484], "texture": "#texture"},
				"down": {"uv": [2.766, 1.484, 4.234, 0.266], "texture": "#texture"}
			},
			"rotation": {"origin": [16, 8, 8], "axis": "x", "angle": -45},
			"type": "cube"
		},
		{
			"name": "cube",
			"from": [3.75, 8.5, 2],
			"to": [4.25, 9.5, 15.25],
			"faces": {
				"east": {"uv": [14.484, 15.016, 1.266, 15.984], "texture": "#rail_parts"},
				"west": {"uv": [14.734, 15.016, 1.516, 15.984], "texture": "#rail_parts"},
				"up": {"uv": [3.766, 1.516, 4.214, 14.734], "texture": "#texture"},
				"down": {"uv": [3.766, 14.734, 4.214, 1.516], "texture": "#texture"}
			},
			"rotation": {"origin": [16, 8, 8], "axis": "x", "angle": -45},
			"type": "cube"
		},
		{
			"name": "cube",
			"from": [2.75, 8.5, 2],
			"to": [3.25, 9.5, 15.25],
			"faces": {
				"east": {"uv": [14.734, 15.016, 1.516, 15.984], "texture": "#rail_parts"},
				"west": {"uv": [14.484, 15.016, 1.266, 15.984], "texture": "#rail_parts"},
				"up": {"uv": [2.786, 1.516, 3.234, 14.734], "texture": "#texture"},
				"down": {"uv": [2.786, 14.734, 3.234, 1.516], "texture": "#texture"}
			},
			"rotation": {"origin": [16, 8, 8], "axis": "x", "angle": -45},
			"type": "cube"
		},
		{
			"name": "cube",
			"from": [3.25, 8.75, 2],
			"to": [3.75, 9.25, 15.25],
			"faces": {
				"up": {"uv": [3.266, 1.516, 3.734, 14.734], "texture": "#texture"},
				"down": {"uv": [3.266, 14.734, 3.734, 1.516], "texture": "#texture"}
			},
			"rotation": {"origin": [16, 8, 8], "axis": "x", "angle": -45},
			"type": "cube"
		},
		{
			"name": "cube",
			"from": [2.75, 8.5, 15.25],
			"to": [4.25, 9.5, 16.5],
			"faces": {
				"north": {"uv": [11.766, 15.016, 13.234, 15.984], "texture": "#texture"},
				"east": {"uv": [1.234, 15.016, 0.016, 15.984], "texture": "#rail_parts"},
				"west": {"uv": [0.016, 15.016, 1.234, 15.984], "texture": "#rail_parts"},
				"up": {"uv": [2.766, 14.766, 4.234, 15.984], "texture": "#texture"},
				"down": {"uv": [2.766, 15.984, 4.234, 14.766], "texture": "#texture"}
			},
			"rotation": {"origin": [16, 8, 8], "axis": "x", "angle": -45},
			"type": "cube"
		},
		{
			"name": "cube",
			"from": [11.7496, 8.5, 16.499],
			"to": [13.2504, 9.5, 19.935],
			"faces": {
				"east": {"uv": [15.936, 15.016, 12.516, 15.984], "texture": "#rail_parts"},
				"south": {"uv": [11.766, 15.016, 13.234, 15.984], "texture": "#texture"},
				"west": {"uv": [12.516, 15.016, 15.936, 15.984], "texture": "#rail_parts"},
				"up": {"uv": [11.766, 0.516, 13.234, 3.936], "texture": "#rail"},
				"down": {"uv": [11.766, 3.936, 13.234, 0.516], "texture": "#rail"}
			},
			"rotation": {"origin": [8, 8, 8], "axis": "x", "angle": -45},
			"type": "cube"
		},
		{
			"name": "cube",
			"from": [2.7496, 8.5, 16.499],
			"to": [4.2504, 9.5, 19.935],
			"faces": {
				"east": {"uv": [15.936, 15.016, 12.516, 15.984], "texture": "#rail_parts"},
				"south": {"uv": [2.766, 15.016, 4.234, 15.984], "texture": "#texture"},
				"west": {"uv": [12.516, 15.016, 15.936, 15.984], "texture": "#rail_parts"},
				"up": {"uv": [2.766, 12.516, 4.234, 15.936], "texture": "#rail"},
				"down": {"uv": [2.766, 15.936, 4.234, 12.516], "texture": "#rail"}
			},
			"rotation": {"origin": [8, 8, 8], "axis": "x", "angle": -45},
			"type": "cube"
		},
		{
			"name": "cube",
			"from": [11.7496, 8.501, -2.6934],
			"to": [13.2504, 9.501, 0.75],
			"faces": {
				"north": {"uv": [2.766, 0.016, 4.234, 0.984], "texture": "#texture"},
				"east": {"uv": [15.984, 15.016, 12.5568, 15.984], "texture": "#rail_parts"},
				"west": {"uv": [12.5568, 15.016, 15.984, 15.984], "texture": "#rail_parts"},
				"up": {"uv": [11.766, 12.5568, 13.234, 15.984], "texture": "#rail"},
				"down": {"uv": [11.766, 15.984, 13.234, 12.5568], "texture": "#rail"}
			},
			"rotation": {"origin": [8, 8, 8], "axis": "x", "angle": -45},
			"type": "cube"
		},
		{
			"name": "cube",
			"from": [2.7496, 8.501, -2.6934],
			"to": [4.2504, 9.501, 0.75],
			"faces": {
				"north": {"uv": [11.766, 0.016, 13.234, 0.984], "texture": "#texture"},
				"east": {"uv": [15.984, 15.016, 12.5568, 15.984], "texture": "#rail_parts"},
				"west": {"uv": [12.5568, 15.016, 15.984, 15.984], "texture": "#rail_parts"},
				"up": {"uv": [2.766, 12.5568, 4.234, 15.984], "texture": "#rail"},
				"down": {"uv": [2.766, 15.984, 4.234, 12.5568], "texture": "#rail"}
			},
			"rotation": {"origin": [8, 8, 8], "axis": "x", "angle": -45},
			"type": "cube"
		},
		{
			"name": "cube",
			"from": [2.7504, 16.75, 15.3787],
			"to": [4.2496, 17.5, 15.998],
			"faces": {
				"east": {"uv": [15.984, 15.016, 15.3809, 15.734], "texture": "#rail_parts"},
				"south": {"uv": [2.766, 15.266, 4.2484, 15.984], "texture": "#texture"},
				"west": {"uv": [15.3809, 15.016, 15.984, 15.734], "texture": "#rail_parts"},
				"up": {"uv": [2.766, 15.3812, 4.2484, 15.984], "texture": "#texture"},
				"down": {"uv": [2.7016, 0.62, 4.234, 0.016], "texture": "#texture"}
			},
			"type": "cube"
		},
		{
			"name": "cube",
			"from": [11.7504, 16.75, 15.3787],
			"to": [13.2496, 17.5, 15.998],
			"faces": {
				"east": {"uv": [15.984, 15.016, 15.3809, 15.734], "texture": "#rail_parts"},
				"south": {"uv": [11.766, 15.266, 13.234, 15.984], "texture": "#texture"},
				"west": {"uv": [15.3809, 15.016, 15.984, 15.734], "texture": "#rail_parts"},
				"up": {"uv": [11.766, 15.3809, 13.234, 15.984], "texture": "#texture"},
				"down": {"uv": [11.766, 15.984, 13.249, 15.3809], "texture": "#texture"}
			},
			"type": "cube"
		}
	]
}