{
	"credit": "Made by leagris for Soartex Fanver, with Blockbench, a free, modern block model editor by JannisX11",
	"ambientocclusion": false,
	"textures": {"texture": "block/powered_rail", "particle": "block/powered_rail", "rail_parts": "block/rail/rail_parts"},
	"elements": [
		{
			"name": "cube",
			"from": [1.5, 8, 1.75],
			"to": [14.5, 9, 4],
			"faces": {
				"north": {"uv": [0.016, 9.016, 12.968, 9.968], "texture": "#rail_parts"},
				"east": {"uv": [15.218, 9.016, 13.016, 9.968], "texture": "#rail_parts"},
				"south": {"uv": [12.968, 9.016, 0.016, 9.968], "texture": "#rail_parts"},
				"west": {"uv": [13.016, 9.016, 15.218, 9.968], "texture": "#rail_parts"},
				"up": {"uv": [0.016, 0.016, 12.984, 2.234], "texture": "#rail_parts"},
				"down": {"uv": [12.984, 2.234, 0.016, 0.016], "texture": "#rail_parts"}
			},
			"rotation": {"origin": [8, 8, 8], "axis": "x", "angle": 45},
			"type": "cube"
		},
		{
			"name": "cube",
			"from": [1.5, 8, 6.25],
			"to": [14.5, 9, 8.5],
			"faces": {
				"north": {"uv": [0.016, 9.016, 12.968, 9.968], "texture": "#rail_parts"},
				"east": {"uv": [15.218, 9.016, 13.016, 9.968], "texture": "#rail_parts"},
				"south": {"uv": [12.968, 9.016, 0.016, 9.968], "texture": "#rail_parts"},
				"west": {"uv": [13.016, 9.016, 15.218, 9.968], "texture": "#rail_parts"},
				"up": {"uv": [0.016, 2.266, 12.968, 4.468], "texture": "#rail_parts"},
				"down": {"uv": [12.984, 4.484, 0.016, 2.266], "texture": "#rail_parts"}
			},
			"rotation": {"origin": [8, 8, 8], "axis": "x", "angle": 45},
			"type": "cube"
		},
		{
			"name": "cube",
			"from": [1.5, 8, 10.75],
			"to": [14.5, 9, 13],
			"faces": {
				"north": {"uv": [0.016, 9.016, 12.968, 9.968], "texture": "#rail_parts"},
				"east": {"uv": [15.218, 9.016, 13.016, 9.968], "texture": "#rail_parts"},
				"south": {"uv": [12.968, 9.016, 0.016, 9.968], "texture": "#rail_parts"},
				"west": {"uv": [13.016, 9.016, 15.218, 9.968], "texture": "#rail_parts"},
				"up": {"uv": [0.016, 4.516, 12.968, 6.718], "texture": "#rail_parts"},
				"down": {"uv": [12.984, 6.734, 0.016, 4.516], "texture": "#rail_parts"}
			},
			"rotation": {"origin": [8, 8, 8], "axis": "x", "angle": 45},
			"type": "cube"
		},
		{
			"name": "cube",
			"from": [1.5, 8, 15.25],
			"to": [14.5, 9, 17.5],
			"faces": {
				"north": {"uv": [0.016, 9.016, 12.968, 9.968], "texture": "#rail_parts"},
				"east": {"uv": [15.218, 9.016, 13.016, 9.968], "texture": "#rail_parts"},
				"south": {"uv": [12.968, 9.016, 0.016, 9.968], "texture": "#rail_parts"},
				"west": {"uv": [13.016, 9.016, 15.218, 9.968], "texture": "#rail_parts"},
				"up": {"uv": [0.016, 6.766, 12.968, 8.968], "texture": "#rail_parts"},
				"down": {"uv": [12.984, 8.984, 0.016, 6.766], "texture": "#rail_parts"}
			},
			"rotation": {"origin": [8, 8, 8], "axis": "x", "angle": 45},
			"type": "cube"
		},
		{
			"name": "cube",
			"from": [13.25, 9, 11.5],
			"to": [14, 9.25, 12.25],
			"faces": {
				"north": {"uv": [13.984, 9.766, 13.266, 9.984], "texture": "#texture"},
				"east": {"uv": [13.766, 9.766, 13.984, 10.484], "texture": "#texture", "rotation": 90},
				"south": {"uv": [13.266, 10.266, 13.984, 10.484], "texture": "#texture"},
				"up": {"uv": [13.266, 9.766, 13.984, 10.484], "texture": "#texture"}
			},
			"rotation": {"origin": [8, 8, 8], "axis": "x", "angle": 45},
			"type": "cube"
		},
		{
			"name": "cube",
			"from": [13.25, 9, 2.5],
			"to": [14, 9.25, 3.25],
			"faces": {
				"north": {"uv": [13.984, 1.766, 13.266, 1.984], "texture": "#texture"},
				"east": {"uv": [13.766, 1.766, 13.984, 2.484], "texture": "#texture", "rotation": 90},
				"south": {"uv": [13.266, 2.266, 13.984, 2.484], "texture": "#texture"},
				"up": {"uv": [13.266, 1.766, 13.984, 2.484], "texture": "#texture"}
			},
			"rotation": {"origin": [8, 8, 8], "axis": "x", "angle": 45},
			"type": "cube"
		},
		{
			"name": "cube",
			"from": [13.25, 9, 16],
			"to": [14, 9.25, 16.75],
			"faces": {
				"north": {"uv": [13.984, 13.766, 13.266, 13.984], "texture": "#texture"},
				"east": {"uv": [13.766, 13.766, 13.984, 14.484], "texture": "#texture", "rotation": 90},
				"south": {"uv": [13.266, 14.266, 13.984, 14.484], "texture": "#texture"},
				"up": {"uv": [13.266, 13.766, 13.984, 14.484], "texture": "#texture"}
			},
			"rotation": {"origin": [8, 8, 8], "axis": "x", "angle": 45},
			"type": "cube"
		},
		{
			"name": "cube",
			"from": [2, 9, 16],
			"to": [2.75, 9.25, 16.75],
			"faces": {
				"north": {"uv": [2.016, 13.766, 2.734, 13.984], "texture": "#texture"},
				"south": {"uv": [2.734, 14.266, 2.016, 14.484], "texture": "#texture"},
				"west": {"uv": [2.516, 13.766, 2.734, 14.484], "texture": "#texture", "rotation": 270},
				"up": {"uv": [2.734, 13.766, 2.016, 14.484], "texture": "#texture"}
			},
			"rotation": {"origin": [8, 8, 8], "axis": "x", "angle": 45},
			"type": "cube"
		},
		{
			"name": "cube",
			"from": [2, 9, 11.5],
			"to": [2.75, 9.25, 12.25],
			"faces": {
				"north": {"uv": [2.016, 9.766, 2.734, 9.984], "texture": "#texture"},
				"south": {"uv": [2.734, 10.266, 2.016, 10.484], "texture": "#texture"},
				"west": {"uv": [2.516, 9.766, 2.734, 10.484], "texture": "#texture", "rotation": 270},
				"up": {"uv": [2.734, 9.766, 2.016, 10.484], "texture": "#texture"}
			},
			"rotation": {"origin": [8, 8, 8], "axis": "x", "angle": 45},
			"type": "cube"
		},
		{
			"name": "cube",
			"from": [2, 9, 2.5],
			"to": [2.75, 9.25, 3.25],
			"faces": {
				"north": {"uv": [2.016, 1.766, 2.734, 1.984], "texture": "#texture"},
				"south": {"uv": [2.734, 2.266, 2.016, 2.484], "texture": "#texture"},
				"west": {"uv": [2.516, 1.766, 2.7178, 2.4678], "texture": "#texture", "rotation": 90},
				"up": {"uv": [2.734, 1.766, 2.016, 2.484], "texture": "#texture"}
			},
			"rotation": {"origin": [8, 8, 8], "axis": "x", "angle": 45},
			"type": "cube"
		},
		{
			"name": "cube",
			"from": [13.25, 9, -2],
			"to": [14, 9.25, -1.25],
			"faces": {
				"north": {"uv": [13.984, 9.766, 13.266, 9.984], "texture": "#texture"},
				"east": {"uv": [13.766, 9.766, 13.984, 10.484], "texture": "#texture", "rotation": 90},
				"south": {"uv": [13.266, 10.266, 13.984, 10.484], "texture": "#texture"},
				"up": {"uv": [13.266, 9.766, 13.984, 10.484], "texture": "#texture"}
			},
			"rotation": {"origin": [8, 8, 8], "axis": "x", "angle": 45},
			"type": "cube"
		},
		{
			"name": "cube",
			"from": [1.5, 8, -2.75],
			"to": [14.5, 9, -0.5],
			"faces": {
				"north": {"uv": [0.016, 9.016, 12.968, 9.968], "texture": "#rail_parts"},
				"east": {"uv": [15.218, 9.016, 13.016, 9.968], "texture": "#rail_parts"},
				"south": {"uv": [12.968, 9.016, 0.016, 9.968], "texture": "#rail_parts"},
				"west": {"uv": [13.016, 9.016, 15.218, 9.968], "texture": "#rail_parts"},
				"up": {"uv": [0.016, 4.516, 12.968, 6.718], "texture": "#rail_parts"},
				"down": {"uv": [13, 6.75, 0, 4.5], "texture": "#rail_parts"}
			},
			"rotation": {"origin": [8, 8, 8], "axis": "x", "angle": 45},
			"type": "cube"
		},
		{
			"name": "cube",
			"from": [2, 9, -2],
			"to": [2.75, 9.25, -1.25],
			"faces": {
				"north": {"uv": [2.016, 9.766, 2.734, 9.984], "texture": "#texture"},
				"south": {"uv": [2.734, 10.266, 2.016, 10.484], "texture": "#texture"},
				"west": {"uv": [2.516, 9.766, 2.734, 10.484], "texture": "#texture", "rotation": 270},
				"up": {"uv": [2.734, 9.766, 2.016, 10.484], "texture": "#texture"}
			},
			"rotation": {"origin": [8, 8, 8], "axis": "x", "angle": 45},
			"type": "cube"
		},
		{
			"name": "cube",
			"from": [2, 9, 7],
			"to": [2.75, 9.25, 7.75],
			"faces": {
				"north": {"uv": [2.016, 5.766, 2.734, 5.984], "texture": "#texture"},
				"south": {"uv": [2.734, 6.266, 2.016, 6.484], "texture": "#texture"},
				"west": {"uv": [2.516, 5.766, 2.734, 6.484], "texture": "#texture", "rotation": 270},
				"up": {"uv": [2.734, 5.766, 2.016, 6.484], "texture": "#texture"}
			},
			"rotation": {"origin": [8, 8, 8], "axis": "x", "angle": 45},
			"type": "cube"
		},
		{
			"name": "cube",
			"from": [13.25, 9, 7],
			"to": [14, 9.25, 7.75],
			"faces": {
				"north": {"uv": [13.984, 5.766, 13.266, 5.984], "texture": "#texture"},
				"east": {"uv": [13.766, 5.766, 13.984, 6.484], "texture": "#texture", "rotation": 90},
				"south": {"uv": [13.266, 6.266, 13.984, 6.484], "texture": "#texture"},
				"up": {"uv": [13.266, 5.766, 13.984, 6.484], "texture": "#texture"}
			},
			"rotation": {"origin": [8, 8, 8], "axis": "x", "angle": 45},
			"type": "cube"
		},
		{
			"name": "cube",
			"from": [5.5, 9, 2.5],
			"to": [10.5, 9.25, 3.25],
			"faces": {
				"north": {"uv": [10.484, 1.766, 5.516, 1.984], "texture": "#texture"},
				"east": {"uv": [10.266, 1.766, 10.484, 2.484], "texture": "#texture", "rotation": 90},
				"south": {"uv": [5.516, 2.266, 10.484, 2.484], "texture": "#texture"},
				"west": {"uv": [5.516, 1.766, 5.734, 2.484], "texture": "#texture", "rotation": 270},
				"up": {"uv": [5.516, 1.766, 10.484, 2.484], "texture": "#texture"}
			},
			"rotation": {"origin": [8, 8, 8], "axis": "x", "angle": 45},
			"type": "cube"
		},
		{
			"name": "cube",
			"from": [5.75, 9.25, 2.75],
			"to": [10.25, 9.5, 3],
			"faces": {
				"north": {"uv": [10.234, 2.016, 5.766, 2.234], "texture": "#texture"},
				"east": {"uv": [10.016, 2.016, 10.234, 2.234], "texture": "#texture"},
				"south": {"uv": [5.766, 2.016, 10.234, 2.234], "texture": "#texture"},
				"west": {"uv": [5.766, 2.016, 5.984, 2.234], "texture": "#texture"},
				"up": {"uv": [5.766, 2.016, 10.234, 2.234], "texture": "#texture"}
			},
			"rotation": {"origin": [8, 8, 8], "axis": "x", "angle": 45},
			"type": "cube"
		},
		{
			"name": "cube",
			"from": [4.75, 9, 2.75],
			"to": [5.5, 9.25, 3],
			"faces": {
				"north": {"uv": [5.484, 2.016, 4.766, 2.234], "texture": "#texture"},
				"south": {"uv": [4.766, 2.266, 5.484, 2.484], "texture": "#texture"},
				"up": {"uv": [4.766, 2.016, 5.484, 2.234], "texture": "#texture"}
			},
			"rotation": {"origin": [8, 8, 8], "axis": "x", "angle": 45},
			"type": "cube"
		},
		{
			"name": "cube",
			"from": [10.5, 9, 2.75],
			"to": [11.25, 9.25, 3],
			"faces": {
				"north": {"uv": [11.234, 2.016, 10.516, 2.234], "texture": "#texture"},
				"south": {"uv": [10.516, 2.266, 11.234, 2.484], "texture": "#texture"},
				"up": {"uv": [10.516, 2.016, 11.234, 2.234], "texture": "#texture"}
			},
			"rotation": {"origin": [8, 8, 8], "axis": "x", "angle": 45},
			"type": "cube"
		},
		{
			"name": "cube",
			"from": [4.75, 9, 7.25],
			"to": [5.5, 9.25, 7.5],
			"faces": {
				"north": {"uv": [5.484, 6.016, 4.766, 6.234], "texture": "#texture"},
				"south": {"uv": [4.766, 6.266, 5.484, 6.484], "texture": "#texture"},
				"up": {"uv": [4.766, 6.016, 5.484, 6.234], "texture": "#texture"}
			},
			"rotation": {"origin": [8, 8, 8], "axis": "x", "angle": 45},
			"type": "cube"
		},
		{
			"name": "cube",
			"from": [10.5, 9, 7.25],
			"to": [11.25, 9.25, 7.5],
			"faces": {
				"north": {"uv": [11.234, 6.016, 10.516, 6.234], "texture": "#texture"},
				"south": {"uv": [10.516, 6.266, 11.234, 6.484], "texture": "#texture"},
				"up": {"uv": [10.516, 6.016, 11.234, 6.234], "texture": "#texture"}
			},
			"rotation": {"origin": [8, 8, 8], "axis": "x", "angle": 45},
			"type": "cube"
		},
		{
			"name": "cube",
			"from": [5.5, 9, 7],
			"to": [10.5, 9.25, 7.75],
			"faces": {
				"north": {"uv": [10.484, 5.766, 5.516, 5.984], "texture": "#texture"},
				"east": {"uv": [10.266, 5.766, 10.484, 6.484], "texture": "#texture", "rotation": 90},
				"south": {"uv": [5.516, 6.266, 10.484, 6.484], "texture": "#texture"},
				"west": {"uv": [5.516, 5.766, 5.734, 6.484], "texture": "#texture", "rotation": 270},
				"up": {"uv": [5.516, 5.766, 10.484, 6.484], "texture": "#texture"}
			},
			"rotation": {"origin": [8, 8, 8], "axis": "x", "angle": 45},
			"type": "cube"
		},
		{
			"name": "cube",
			"from": [5.75, 9.25, 7.25],
			"to": [10.25, 9.5, 7.5],
			"faces": {
				"north": {"uv": [10.234, 6.016, 5.766, 6.234], "texture": "#texture"},
				"east": {"uv": [10.016, 6.016, 10.234, 6.234], "texture": "#texture"},
				"south": {"uv": [5.766, 6.016, 10.234, 6.234], "texture": "#texture"},
				"west": {"uv": [5.766, 6.016, 5.984, 6.234], "texture": "#texture"},
				"up": {"uv": [5.766, 6.016, 10.234, 6.234], "texture": "#texture"}
			},
			"rotation": {"origin": [8, 8, 8], "axis": "x", "angle": 45},
			"type": "cube"
		},
		{
			"name": "cube",
			"from": [4.75, 9, 11.75],
			"to": [5.5, 9.25, 12],
			"faces": {
				"north": {"uv": [5.484, 10.016, 4.766, 10.234], "texture": "#texture"},
				"south": {"uv": [4.766, 10.266, 5.484, 10.484], "texture": "#texture"},
				"up": {"uv": [4.766, 10.016, 5.484, 10.234], "texture": "#texture"}
			},
			"rotation": {"origin": [8, 8, 8], "axis": "x", "angle": 45},
			"type": "cube"
		},
		{
			"name": "cube",
			"from": [10.5, 9, 11.75],
			"to": [11.25, 9.25, 12],
			"faces": {
				"north": {"uv": [11.234, 10.016, 10.516, 10.234], "texture": "#texture"},
				"south": {"uv": [10.516, 10.266, 11.234, 10.484], "texture": "#texture"},
				"up": {"uv": [10.516, 10.016, 11.234, 10.234], "texture": "#texture"}
			},
			"rotation": {"origin": [8, 8, 8], "axis": "x", "angle": 45},
			"type": "cube"
		},
		{
			"name": "cube",
			"from": [5.5, 9, 11.5],
			"to": [10.5, 9.25, 12.25],
			"faces": {
				"north": {"uv": [10.484, 9.766, 5.516, 9.984], "texture": "#texture"},
				"east": {"uv": [10.266, 9.766, 10.484, 10.484], "texture": "#texture", "rotation": 90},
				"south": {"uv": [5.516, 10.266, 10.484, 10.484], "texture": "#texture"},
				"west": {"uv": [5.516, 9.766, 5.734, 10.484], "texture": "#texture", "rotation": 270},
				"up": {"uv": [5.516, 9.766, 10.484, 10.484], "texture": "#texture"}
			},
			"rotation": {"origin": [8, 8, 8], "axis": "x", "angle": 45},
			"type": "cube"
		},
		{
			"name": "cube",
			"from": [5.75, 9.25, 11.75],
			"to": [10.25, 9.5, 12],
			"faces": {
				"north": {"uv": [10.234, 10.016, 5.766, 10.234], "texture": "#texture"},
				"east": {"uv": [10.016, 10.016, 10.234, 10.234], "texture": "#texture"},
				"south": {"uv": [5.766, 10.016, 10.234, 10.234], "texture": "#texture"},
				"west": {"uv": [5.766, 10.016, 5.984, 10.234], "texture": "#texture"},
				"up": {"uv": [5.766, 10.016, 10.234, 10.234], "texture": "#texture"}
			},
			"rotation": {"origin": [8, 8, 8], "axis": "x", "angle": 45},
			"type": "cube"
		},
		{
			"name": "cube",
			"from": [4.75, 9, 16.25],
			"to": [5.5, 9.25, 16.5],
			"faces": {
				"north": {"uv": [5.484, 14.016, 4.766, 14.234], "texture": "#texture"},
				"south": {"uv": [4.766, 14.266, 5.484, 14.484], "texture": "#texture"},
				"up": {"uv": [4.766, 14.016, 5.484, 14.234], "texture": "#texture"}
			},
			"rotation": {"origin": [8, 8, 8], "axis": "x", "angle": 45},
			"type": "cube"
		},
		{
			"name": "cube",
			"from": [10.5, 9, 16.25],
			"to": [11.25, 9.25, 16.5],
			"faces": {
				"north": {"uv": [11.234, 14.016, 10.516, 14.234], "texture": "#texture"},
				"south": {"uv": [10.516, 14.266, 11.234, 14.484], "texture": "#texture"},
				"up": {"uv": [10.516, 14.016, 11.234, 14.234], "texture": "#texture"}
			},
			"rotation": {"origin": [8, 8, 8], "axis": "x", "angle": 45},
			"type": "cube"
		},
		{
			"name": "cube",
			"from": [5.5, 9, 16],
			"to": [10.5, 9.25, 16.75],
			"faces": {
				"north": {"uv": [10.484, 13.766, 5.516, 13.984], "texture": "#texture"},
				"east": {"uv": [10.266, 13.766, 10.484, 14.484], "texture": "#texture", "rotation": 90},
				"south": {"uv": [5.516, 14.266, 10.484, 14.484], "texture": "#texture"},
				"west": {"uv": [5.516, 13.766, 5.734, 14.484], "texture": "#texture", "rotation": 270},
				"up": {"uv": [5.516, 13.766, 10.484, 14.484], "texture": "#texture"}
			},
			"rotation": {"origin": [8, 8, 8], "axis": "x", "angle": 45},
			"type": "cube"
		},
		{
			"name": "cube",
			"from": [5.75, 9.25, 16.25],
			"to": [10.25, 9.5, 16.5],
			"faces": {
				"north": {"uv": [10.234, 14.016, 5.766, 14.234], "texture": "#texture"},
				"east": {"uv": [10.016, 14.016, 10.234, 14.234], "texture": "#texture"},
				"south": {"uv": [5.766, 14.016, 10.234, 14.234], "texture": "#texture"},
				"west": {"uv": [5.766, 14.016, 5.984, 14.234], "texture": "#texture"},
				"up": {"uv": [5.766, 14.016, 10.234, 14.234], "texture": "#texture"}
			},
			"rotation": {"origin": [8, 8, 8], "axis": "x", "angle": 45},
			"type": "cube"
		},
		{
			"name": "cube",
			"from": [4.75, 9, -1.751],
			"to": [5.5, 9.25, -1.51],
			"faces": {
				"north": {"uv": [5.484, 10.016, 4.766, 10.234], "texture": "#texture"},
				"south": {"uv": [4.766, 10.266, 5.484, 10.484], "texture": "#texture"},
				"up": {"uv": [4.766, 10.016, 5.484, 10.234], "texture": "#texture"}
			},
			"rotation": {"origin": [8, 8, 8], "axis": "x", "angle": 45},
			"type": "cube"
		},
		{
			"name": "cube",
			"from": [10.5, 9, -1.751],
			"to": [11.25, 9.25, -1.51],
			"faces": {
				"north": {"uv": [11.234, 10.016, 10.516, 10.234], "texture": "#texture"},
				"south": {"uv": [10.516, 10.266, 11.234, 10.484], "texture": "#texture"},
				"up": {"uv": [10.516, 10.016, 11.234, 10.234], "texture": "#texture"}
			},
			"rotation": {"origin": [8, 8, 8], "axis": "x", "angle": 45},
			"type": "cube"
		},
		{
			"name": "cube",
			"from": [5.5, 9, -2],
			"to": [10.5, 9.25, -1.251],
			"faces": {
				"north": {"uv": [10.484, 9.766, 5.516, 9.984], "texture": "#texture"},
				"east": {"uv": [10.266, 9.766, 10.49875, 10.484], "texture": "#texture", "rotation": 90},
				"south": {"uv": [5.516, 10.266, 10.484, 10.484], "texture": "#texture"},
				"west": {"uv": [5.516, 9.766, 5.74875, 10.484], "texture": "#texture", "rotation": 270},
				"up": {"uv": [5.516, 9.766, 10.484, 10.484], "texture": "#texture"}
			},
			"rotation": {"origin": [8, 8, 8], "axis": "x", "angle": 45},
			"type": "cube"
		},
		{
			"name": "cube",
			"from": [5.75, 9.25, -1.751],
			"to": [10.25, 9.5, -1.51],
			"faces": {
				"north": {"uv": [10.234, 10.016, 5.766, 10.234], "texture": "#texture"},
				"east": {"uv": [10.016, 10.016, 10.234, 10.234], "texture": "#texture"},
				"south": {"uv": [5.766, 10.016, 10.234, 10.234], "texture": "#texture"},
				"west": {"uv": [5.766, 10.016, 5.984, 10.234], "texture": "#texture"},
				"up": {"uv": [5.766, 10.016, 10.234, 10.234], "texture": "#texture"}
			},
			"rotation": {"origin": [8, 8, 8], "axis": "x", "angle": 45},
			"type": "cube"
		},
		{
			"name": "cube",
			"from": [11.75, 8.5, 0],
			"to": [13.25, 9.5, 16],
			"faces": {
				"east": {"uv": [0.016, 15.016, 15.984, 15.984], "texture": "#rail_parts"},
				"west": {"uv": [0.016, 15.016, 15.984, 15.984], "texture": "#rail_parts"},
				"up": {"uv": [11.766, 0.016, 13.234, 15.984], "texture": "#texture"},
				"down": {"uv": [4.234, 0.016, 2.766, 15.984], "texture": "#texture"}
			},
			"rotation": {"origin": [8, 8, 8], "axis": "x", "angle": 45},
			"type": "cube"
		},
		{
			"name": "cube",
			"from": [2.75, 8.5, 0],
			"to": [4.25, 9.5, 16],
			"faces": {
				"east": {"uv": [0.016, 15.016, 15.984, 15.984], "texture": "#rail_parts"},
				"west": {"uv": [0.016, 15.016, 15.984, 15.984], "texture": "#rail_parts"},
				"up": {"uv": [2.766, 0.016, 4.234, 15.984], "texture": "#texture"},
				"down": {"uv": [2.766, 0.016, 4.234, 15.984], "texture": "#texture"}
			},
			"rotation": {"origin": [8, 8, 8], "axis": "x", "angle": 45},
			"type": "cube"
		},
		{
			"name": "cube",
			"from": [11.7496, 8.5, -3.935],
			"to": [13.2504, 9.5, 0.001],
			"faces": {
				"north": {"uv": [2.766, 0.016, 4.234, 0.984], "texture": "#texture"},
				"east": {"uv": [0.016, 15.016, 3.936, 15.984], "texture": "#rail_parts"},
				"west": {"uv": [12.064, 15.016, 15.984, 15.984], "texture": "#rail_parts"},
				"up": {"uv": [11.766, 10.062, 13.234, 13.998], "texture": "#texture"},
				"down": {"uv": [4.234, 0.016, 2.766, 3.936], "texture": "#texture"}
			},
			"rotation": {"origin": [8, 8, 8], "axis": "x", "angle": 45},
			"type": "cube"
		},
		{
			"name": "cube",
			"from": [2.7496, 8.5, -3.935],
			"to": [4.2504, 9.5, 0.001],
			"faces": {
				"north": {"uv": [11.766, 0.016, 13.234, 0.984], "texture": "#texture"},
				"east": {"uv": [10.766, 15.016, 14.686, 15.984], "texture": "#rail_parts"},
				"west": {"uv": [12.064, 15.016, 15.984, 15.984], "texture": "#rail_parts"},
				"up": {"uv": [2.766, 12.08, 4.234, 15.984], "texture": "#texture"},
				"down": {"uv": [13.234, 0.016, 11.766, 3.936], "texture": "#texture"}
			},
			"rotation": {"origin": [8, 8, 8], "axis": "x", "angle": 45},
			"type": "cube"
		},
		{
			"name": "cube",
			"from": [11.7496, 8.501, 16],
			"to": [13.2504, 9.501, 18.6934],
			"faces": {
				"east": {"uv": [13.3069, 15.016, 15.984, 15.984], "texture": "#rail_parts"},
				"south": {"uv": [11.766, 14.766, 13.234, 15.984], "texture": "#texture"},
				"west": {"uv": [0.016, 15.016, 2.6931, 15.984], "texture": "#rail_parts"},
				"up": {"uv": [11.766, 0.016, 13.234, 2.6931], "texture": "#texture"},
				"down": {"uv": [4.234, 2.6931, 2.766, 0.016], "texture": "#texture"}
			},
			"rotation": {"origin": [8, 8, 8], "axis": "x", "angle": 45},
			"type": "cube"
		},
		{
			"name": "cube",
			"from": [2.7496, 8.501, 16],
			"to": [4.2504, 9.501, 18.6934],
			"faces": {
				"east": {"uv": [13.3069, 15.016, 15.984, 15.984], "texture": "#rail_parts"},
				"south": {"uv": [2.766, 0.016, 4.234, 1.234], "texture": "#texture"},
				"west": {"uv": [0.016, 15.016, 2.6931, 15.984], "texture": "#rail_parts"},
				"up": {"uv": [2.766, 0.016, 4.234, 2.6931], "texture": "#texture"},
				"down": {"uv": [13.234, 2.6931, 11.766, 0.016], "texture": "#texture"}
			},
			"rotation": {"origin": [8, 8, 8], "axis": "x", "angle": 45},
			"type": "cube"
		},
		{
			"name": "cube",
			"from": [2.7504, 16.75, 0.002],
			"to": [4.2496, 17.5, 0.6213],
			"faces": {
				"north": {"uv": [11.766, 0.016, 13.234, 0.734], "texture": "#texture"},
				"east": {"uv": [0.016, 15.016, 0.62, 15.734], "texture": "#rail_parts"},
				"west": {"uv": [0.016, 15.016, 0.62, 15.734], "texture": "#rail_parts"},
				"up": {"uv": [2.766, 0.016, 4.234, 0.62], "texture": "#texture"},
				"down": {"uv": [2.766, 0.016, 4.234, 0.62], "texture": "#texture"}
			},
			"type": "cube"
		},
		{
			"name": "cube",
			"from": [11.7504, 16.75, 0.002],
			"to": [13.2496, 17.5, 0.6213],
			"faces": {
				"north": {"uv": [2.766, 0.016, 4.234, 0.734], "texture": "#texture"},
				"east": {"uv": [0.016, 15.016, 0.62, 15.734], "texture": "#rail_parts"},
				"west": {"uv": [0.016, 15.016, 0.62, 15.734], "texture": "#rail_parts"},
				"up": {"uv": [11.766, 0.016, 13.234, 0.62], "texture": "#texture"},
				"down": {"uv": [4.234, 15.266, 2.766, 15.87], "texture": "#texture"}
			},
			"type": "cube"
		},
		{
			"name": "cube",
			"from": [11.25, 8.5, 0],
			"to": [11.75, 9.5, 16],
			"faces": {
				"east": {"uv": [0.016, 14.016, 15.984, 14.984], "texture": "#rail_parts"},
				"west": {"uv": [15.984, 14.984, 0.016, 14.016], "texture": "#rail_parts"},
				"up": {"uv": [11.266, 0.016, 11.734, 15.984], "texture": "#texture"},
				"down": {"uv": [11.734, 15.984, 11.266, 0.016], "texture": "#texture"}
			},
			"rotation": {"origin": [11.5, 8.75, 8], "axis": "x", "angle": 45},
			"type": "cube"
		},
		{
			"name": "cube",
			"from": [4.25, 8.5, 0],
			"to": [4.75, 9.5, 16],
			"faces": {
				"east": {"uv": [15.984, 14.984, 0.016, 14.016], "texture": "#rail_parts"},
				"west": {"uv": [0.016, 14.016, 15.984, 14.984], "texture": "#rail_parts"},
				"up": {"uv": [4.266, 0.016, 4.734, 15.984], "texture": "#texture"},
				"down": {"uv": [4.734, 15.984, 4.266, 0.016], "texture": "#texture"}
			},
			"rotation": {"origin": [4.5, 8.75, 8], "axis": "x", "angle": 45},
			"type": "cube"
		},
		{
			"name": "cube",
			"from": [4.2496, 8.5, -3.275],
			"to": [4.7504, 9.5, 0],
			"faces": {
				"north": {"uv": [11.266, 14.766, 11.734, 15.734], "texture": "#texture"},
				"east": {"uv": [0.016, 14.984, 3.234, 14.016], "texture": "#rail_parts"},
				"west": {"uv": [12.725, 14.016, 15.984, 14.984], "texture": "#rail_parts"},
				"up": {"uv": [4.266, 12.725, 4.734, 15.984], "texture": "#texture"},
				"down": {"uv": [4.734, 15.984, 4.266, 12.725], "texture": "#texture"}
			},
			"rotation": {"origin": [4.5, 8.75, 8], "axis": "x", "angle": 45},
			"type": "cube"
		},
		{
			"name": "cube",
			"from": [11.2496, 8.5, -3.275],
			"to": [11.7504, 9.5, 0],
			"faces": {
				"north": {"uv": [4.266, 15.016, 4.734, 15.984], "texture": "#texture"},
				"east": {"uv": [15.984, 14.016, 12.725, 14.984], "texture": "#rail_parts"},
				"west": {"uv": [3.234, 14.984, 0.016, 14.016], "texture": "#rail_parts"},
				"up": {"uv": [11.266, 12.725, 11.734, 15.984], "texture": "#texture"},
				"down": {"uv": [11.734, 15.984, 11.266, 12.725], "texture": "#texture"}
			},
			"rotation": {"origin": [11.5, 8.75, 8], "axis": "x", "angle": 45},
			"type": "cube"
		},
		{
			"name": "move",
			"from": [11.2504, 16.5, 0.0016],
			"to": [11.7496, 17.25, 0.5547],
			"faces": {
				"north": {"uv": [11.7459, 0.016, 11.266, 0.734], "texture": "#texture"},
				"east": {"uv": [0.5591, 13.016, 0.016, 13.734], "texture": "#rail_parts"},
				"west": {"uv": [0.5528, 14.984, 0.016, 14.266], "texture": "#rail_parts"},
				"up": {"uv": [11.266, 15.984, 11.74969, 15.4472], "texture": "#texture"}
			},
			"type": "cube"
		},
		{
			"name": "move",
			"from": [4.2504, 16.5, 0.0016],
			"to": [4.7496, 17.25, 0.5547],
			"faces": {
				"north": {"uv": [4.7459, 0.016, 4.266, 0.734], "texture": "#texture"},
				"east": {"uv": [0.5528, 14.984, 0.016, 14.266], "texture": "#rail_parts"},
				"west": {"uv": [0.016, 14.016, 0.5591, 14.734], "texture": "#rail_parts"},
				"up": {"uv": [4.266, 15.984, 4.74969, 15.4472], "texture": "#texture"}
			},
			"type": "cube"
		},
		{
			"name": "cube",
			"from": [4.2496, 8.5, 16],
			"to": [4.7504, 9.5, 19.3566],
			"faces": {
				"east": {"uv": [15.8566, 15, 12.5, 14], "texture": "#rail_parts"},
				"south": {"uv": [4.266, 11.266, 4.7478, 12.234], "texture": "#texture"},
				"west": {"uv": [16, 14, 12.6434, 15], "texture": "#rail_parts"},
				"up": {"uv": [11.7478, 16, 11.25, 12.6434], "texture": "#texture"},
				"down": {"uv": [4.7478, 15.8566, 4.25, 12.5], "texture": "#texture"}
			},
			"rotation": {"origin": [4.5, 8.75, 8], "axis": "x", "angle": 45},
			"type": "cube"
		},
		{
			"name": "cube",
			"from": [11.2496, 8.5, 16],
			"to": [11.7504, 9.5, 19.3566],
			"faces": {
				"east": {"uv": [3.3566, 14, 0, 15], "texture": "#rail_parts"},
				"south": {"uv": [11.266, 11.266, 11.7478, 12.234], "texture": "#texture"},
				"west": {"uv": [16, 14, 12.6434, 15], "texture": "#rail_parts"},
				"up": {"uv": [4.7478, 16, 4.25, 12.6434], "texture": "#texture"},
				"down": {"uv": [11.7478, 3.3566, 11.25, 0], "texture": "#texture"}
			},
			"rotation": {"origin": [11.5, 8.75, 8], "axis": "x", "angle": 45},
			"type": "cube"
		}
	]
}