{
	"credit": "Made by leagris for Soartex Fanver, with Blockbench, a free, modern block model editor by JannisX11",
	"ambientocclusion": false,
	"textures": {"texture": "block/powered_rail", "particle": "block/powered_rail", "rail_parts": "block/rail/rail_parts"},
	"elements": [
		{
			"name": "cube",
			"from": [2.75, 0.5, 0],
			"to": [4.25, 1.5, 16],
			"faces": {
				"north": {"uv": [11.766, 15.016, 13.234, 15.984], "texture": "#texture"},
				"east": {"uv": [0.016, 15.016, 15.984, 15.984], "texture": "#rail_parts"},
				"south": {"uv": [2.766, 0.016, 4.234, 0.984], "texture": "#texture"},
				"west": {"uv": [0.016, 15.016, 15.984, 15.984], "texture": "#rail_parts"},
				"up": {"uv": [2.766, 0.016, 4.234, 15.984], "texture": "#texture"},
				"down": {"uv": [13.234, 15.984, 11.766, 0.016], "texture": "#texture"}
			},
			"type": "cube"
		},
		{
			"name": "cube",
			"from": [11.75, 0.5, 0],
			"to": [13.25, 1.5, 16],
			"faces": {
				"north": {"uv": [2.766, 15.016, 4.234, 15.984], "texture": "#texture"},
				"east": {"uv": [0.016, 15.016, 15.984, 15.984], "texture": "#rail_parts"},
				"south": {"uv": [11.766, 0.016, 13.234, 0.984], "texture": "#texture"},
				"west": {"uv": [0.016, 15.016, 15.984, 15.984], "texture": "#rail_parts"},
				"up": {"uv": [11.766, 0.016, 13.234, 15.984], "texture": "#texture"},
				"down": {"uv": [4.234, 15.984, 2.766, 0.016], "texture": "#texture"}
			},
			"type": "cube"
		},
		{
			"name": "cube",
			"from": [1.5, 0, 1],
			"to": [14.5, 1, 3.25],
			"faces": {
				"north": {"uv": [0.016, 9.016, 12.968, 9.968], "texture": "#rail_parts"},
				"east": {"uv": [15.218, 9.016, 13.016, 9.968], "texture": "#rail_parts"},
				"south": {"uv": [12.968, 9.016, 0.016, 9.968], "texture": "#rail_parts"},
				"west": {"uv": [13.016, 9.016, 15.218, 9.968], "texture": "#rail_parts"},
				"up": {"uv": [0.016, 0.016, 12.984, 2.234], "texture": "#rail_parts"},
				"down": {"uv": [12.968, 2.218, 0.016, 0.016], "texture": "#rail_parts"}
			},
			"type": "cube"
		},
		{
			"name": "cube",
			"from": [1.5, 0, 5],
			"to": [14.5, 1, 7.25],
			"faces": {
				"north": {"uv": [0.016, 9.016, 12.968, 9.968], "texture": "#rail_parts"},
				"east": {"uv": [15.218, 9.016, 13.016, 9.968], "texture": "#rail_parts"},
				"south": {"uv": [12.968, 9.016, 0.016, 9.968], "texture": "#rail_parts"},
				"west": {"uv": [13.016, 9.016, 15.218, 9.968], "texture": "#rail_parts"},
				"up": {"uv": [0.016, 2.266, 12.968, 4.468], "texture": "#rail_parts"},
				"down": {"uv": [12.968, 4.468, 0.016, 2.266], "texture": "#rail_parts"}
			},
			"type": "cube"
		},
		{
			"name": "cube",
			"from": [1.5, 0, 9],
			"to": [14.5, 1, 11.25],
			"faces": {
				"north": {"uv": [0.016, 9.016, 12.968, 9.968], "texture": "#rail_parts"},
				"east": {"uv": [15.218, 9.016, 13.016, 9.968], "texture": "#rail_parts"},
				"south": {"uv": [12.968, 9.016, 0.016, 9.968], "texture": "#rail_parts"},
				"west": {"uv": [13.016, 9.016, 15.218, 9.968], "texture": "#rail_parts"},
				"up": {"uv": [0.016, 4.516, 12.968, 6.718], "texture": "#rail_parts"},
				"down": {"uv": [12.968, 6.718, 0.016, 4.516], "texture": "#rail_parts"}
			},
			"type": "cube"
		},
		{
			"name": "cube",
			"from": [1.5, 0, 13],
			"to": [14.5, 1, 15.25],
			"faces": {
				"north": {"uv": [0.016, 9.016, 12.968, 9.968], "texture": "#rail_parts"},
				"east": {"uv": [15.218, 9.016, 13.016, 9.968], "texture": "#rail_parts"},
				"south": {"uv": [12.968, 9.016, 0.016, 9.968], "texture": "#rail_parts"},
				"west": {"uv": [13.016, 9.016, 15.218, 9.968], "texture": "#rail_parts"},
				"up": {"uv": [0.016, 6.766, 12.968, 8.968], "texture": "#rail_parts"},
				"down": {"uv": [12.968, 8.968, 0.016, 6.766], "texture": "#rail_parts"}
			},
			"type": "cube"
		},
		{
			"name": "cube",
			"from": [2, 1, 1.75],
			"to": [2.75, 1.25, 2.5],
			"faces": {
				"north": {"uv": [2.016, 1.766, 2.734, 1.984], "texture": "#texture"},
				"south": {"uv": [2.734, 2.266, 2.016, 2.484], "texture": "#texture"},
				"west": {"uv": [2.516, 1.766, 2.734, 2.484], "texture": "#texture", "rotation": 270},
				"up": {"uv": [2.734, 1.766, 2.016, 2.484], "texture": "#texture"}
			},
			"type": "cube"
		},
		{
			"name": "cube",
			"from": [13.25, 1, 1.75],
			"to": [14, 1.25, 2.5],
			"faces": {
				"north": {"uv": [13.984, 1.766, 13.266, 1.984], "texture": "#texture"},
				"east": {"uv": [13.766, 1.766, 13.984, 2.484], "texture": "#texture", "rotation": 90},
				"south": {"uv": [13.266, 2.266, 13.984, 2.484], "texture": "#texture"},
				"up": {"uv": [13.266, 1.766, 13.984, 2.484], "texture": "#texture"}
			},
			"type": "cube"
		},
		{
			"name": "cube",
			"from": [2, 1, 5.75],
			"to": [2.75, 1.25, 6.5],
			"faces": {
				"north": {"uv": [2.016, 5.766, 2.734, 5.984], "texture": "#texture"},
				"south": {"uv": [2.734, 6.266, 2.016, 6.484], "texture": "#texture"},
				"west": {"uv": [2.516, 5.766, 2.734, 6.484], "texture": "#texture", "rotation": 270},
				"up": {"uv": [2.734, 5.766, 2.016, 6.484], "texture": "#texture"}
			},
			"type": "cube"
		},
		{
			"name": "cube",
			"from": [13.25, 1, 5.75],
			"to": [14, 1.25, 6.5],
			"faces": {
				"north": {"uv": [13.984, 5.766, 13.266, 5.984], "texture": "#texture"},
				"east": {"uv": [13.766, 5.766, 13.984, 6.484], "texture": "#texture", "rotation": 90},
				"south": {"uv": [13.266, 6.266, 13.984, 6.484], "texture": "#texture"},
				"up": {"uv": [13.266, 5.766, 13.984, 6.484], "texture": "#texture"}
			},
			"type": "cube"
		},
		{
			"name": "cube",
			"from": [2, 1, 9.75],
			"to": [2.75, 1.25, 10.5],
			"faces": {
				"north": {"uv": [2.016, 9.766, 2.734, 9.984], "texture": "#texture"},
				"south": {"uv": [2.734, 10.266, 2.016, 10.484], "texture": "#texture"},
				"west": {"uv": [2.516, 9.766, 2.734, 10.484], "texture": "#texture", "rotation": 270},
				"up": {"uv": [2.734, 9.766, 2.016, 10.484], "texture": "#texture"}
			},
			"type": "cube"
		},
		{
			"name": "cube",
			"from": [13.25, 1, 9.75],
			"to": [14, 1.25, 10.5],
			"faces": {
				"north": {"uv": [13.984, 9.766, 13.266, 9.984], "texture": "#texture"},
				"east": {"uv": [13.766, 9.766, 13.984, 10.484], "texture": "#texture", "rotation": 90},
				"south": {"uv": [13.266, 10.266, 13.984, 10.484], "texture": "#texture"},
				"up": {"uv": [13.266, 9.766, 13.984, 10.484], "texture": "#texture"}
			},
			"type": "cube"
		},
		{
			"name": "cube",
			"from": [2, 1, 13.75],
			"to": [2.75, 1.25, 14.5],
			"faces": {
				"north": {"uv": [2.016, 13.766, 2.734, 13.984], "texture": "#texture"},
				"south": {"uv": [2.734, 14.266, 2.016, 14.484], "texture": "#texture"},
				"west": {"uv": [2.516, 13.766, 2.734, 14.484], "texture": "#texture", "rotation": 270},
				"up": {"uv": [2.734, 13.766, 2.016, 14.484], "texture": "#texture"}
			},
			"type": "cube"
		},
		{
			"name": "cube",
			"from": [13.25, 1, 13.75],
			"to": [14, 1.25, 14.5],
			"faces": {
				"north": {"uv": [13.984, 13.766, 13.266, 13.984], "texture": "#texture"},
				"east": {"uv": [13.766, 13.766, 13.984, 14.484], "texture": "#texture", "rotation": 90},
				"south": {"uv": [13.266, 14.266, 13.984, 14.484], "texture": "#texture"},
				"up": {"uv": [13.266, 13.766, 13.984, 14.484], "texture": "#texture"}
			},
			"type": "cube"
		},
		{
			"name": "cube",
			"from": [4.25, 0.25, 0],
			"to": [4.75, 1.25, 16],
			"faces": {
				"north": {"uv": [11.266, 1.516, 11.734, 2.484], "texture": "#texture"},
				"east": {"uv": [0.016, 14.984, 15.984, 14.016], "texture": "#rail_parts"},
				"south": {"uv": [4.266, 15.016, 4.734, 15.984], "texture": "#texture"},
				"west": {"uv": [0.016, 14.016, 15.984, 14.984], "texture": "#rail_parts"},
				"up": {"uv": [4.266, 0.016, 4.734, 15.984], "texture": "#texture"},
				"down": {"uv": [4.734, 15.984, 4.266, 0.016], "texture": "#texture"}
			},
			"type": "cube"
		},
		{
			"name": "cube",
			"from": [11.25, 0.25, 0],
			"to": [11.75, 1.25, 16],
			"faces": {
				"north": {"uv": [4.266, 1.766, 4.734, 2.734], "texture": "#texture"},
				"east": {"uv": [0.016, 14.016, 15.984, 14.984], "texture": "#rail_parts"},
				"south": {"uv": [11.266, 15.016, 11.734, 15.984], "texture": "#texture"},
				"west": {"uv": [0.016, 14.984, 15.984, 14.016], "texture": "#rail_parts"},
				"up": {"uv": [11.266, 0.016, 11.734, 15.984], "texture": "#texture"},
				"down": {"uv": [11.734, 15.984, 11.266, 0.016], "texture": "#texture"}
			},
			"type": "cube"
		},
		{
			"name": "cube",
			"from": [4.75, 1, 2],
			"to": [5.5, 1.25, 2.25],
			"faces": {"north": {"uv": [5.484, 2.016, 4.766, 2.234], "texture": "#texture"}, "south": {"uv": [4.766, 2.266, 5.484, 2.484], "texture": "#texture"}, "up": {"uv": [4.766, 2.016, 5.484, 2.234], "texture": "#texture"}},
			"type": "cube"
		},
		{
			"name": "cube",
			"from": [10.5, 1, 2],
			"to": [11.25, 1.25, 2.25],
			"faces": {"north": {"uv": [11.234, 2.016, 10.516, 2.234], "texture": "#texture"}, "south": {"uv": [10.516, 2.266, 11.234, 2.484], "texture": "#texture"}, "up": {"uv": [10.516, 2.016, 11.234, 2.234], "texture": "#texture"}},
			"type": "cube"
		},
		{
			"name": "cube",
			"from": [5.5, 1, 1.75],
			"to": [10.5, 1.25, 2.5],
			"faces": {
				"north": {"uv": [10.484, 1.766, 5.516, 1.984], "texture": "#texture"},
				"east": {"uv": [10.266, 1.766, 10.484, 2.484], "texture": "#texture", "rotation": 90},
				"south": {"uv": [5.516, 2.266, 10.484, 2.484], "texture": "#texture"},
				"west": {"uv": [5.516, 1.766, 5.734, 2.484], "texture": "#texture", "rotation": 270},
				"up": {"uv": [5.516, 1.766, 10.484, 2.484], "texture": "#texture"}
			},
			"type": "cube"
		},
		{
			"name": "cube",
			"from": [5.75, 1.25, 2],
			"to": [10.25, 1.5, 2.25],
			"faces": {
				"north": {"uv": [10.234, 2.016, 5.766, 2.234], "texture": "#texture"},
				"east": {"uv": [10.016, 2.016, 10.234, 2.234], "texture": "#texture"},
				"south": {"uv": [5.766, 2.016, 10.234, 2.234], "texture": "#texture"},
				"west": {"uv": [5.766, 2.016, 5.984, 2.234], "texture": "#texture"},
				"up": {"uv": [5.766, 2.016, 10.234, 2.234], "texture": "#texture"}
			},
			"type": "cube"
		},
		{
			"name": "cube",
			"from": [4.75, 1, 6],
			"to": [5.5, 1.25, 6.25],
			"faces": {"north": {"uv": [5.484, 6.016, 4.766, 6.234], "texture": "#texture"}, "south": {"uv": [4.766, 6.266, 5.484, 6.484], "texture": "#texture"}, "up": {"uv": [4.766, 6.016, 5.484, 6.234], "texture": "#texture"}},
			"type": "cube"
		},
		{
			"name": "cube",
			"from": [10.5, 1, 6],
			"to": [11.25, 1.25, 6.25],
			"faces": {"north": {"uv": [11.234, 6.016, 10.516, 6.234], "texture": "#texture"}, "south": {"uv": [10.516, 6.266, 11.234, 6.484], "texture": "#texture"}, "up": {"uv": [10.516, 6.016, 11.234, 6.234], "texture": "#texture"}},
			"type": "cube"
		},
		{
			"name": "cube",
			"from": [5.5, 1, 5.75],
			"to": [10.5, 1.25, 6.5],
			"faces": {
				"north": {"uv": [10.484, 5.766, 5.516, 5.984], "texture": "#texture"},
				"east": {"uv": [10.266, 5.766, 10.484, 6.484], "texture": "#texture", "rotation": 90},
				"south": {"uv": [5.516, 6.266, 10.484, 6.484], "texture": "#texture"},
				"west": {"uv": [5.516, 5.766, 5.734, 6.484], "texture": "#texture", "rotation": 270},
				"up": {"uv": [5.516, 5.766, 10.484, 6.484], "texture": "#texture"}
			},
			"type": "cube"
		},
		{
			"name": "cube",
			"from": [5.75, 1.25, 6],
			"to": [10.25, 1.5, 6.25],
			"faces": {
				"north": {"uv": [10.234, 6.016, 5.766, 6.234], "texture": "#texture"},
				"east": {"uv": [10.016, 6.016, 10.234, 6.234], "texture": "#texture"},
				"south": {"uv": [5.766, 6.016, 10.234, 6.234], "texture": "#texture"},
				"west": {"uv": [5.766, 6.016, 5.984, 6.234], "texture": "#texture"},
				"up": {"uv": [5.766, 6.016, 10.234, 6.234], "texture": "#texture"}
			},
			"type": "cube"
		},
		{
			"name": "cube",
			"from": [4.75, 1, 10],
			"to": [5.5, 1.25, 10.25],
			"faces": {"north": {"uv": [5.484, 10.016, 4.766, 10.234], "texture": "#texture"}, "south": {"uv": [4.766, 10.266, 5.484, 10.484], "texture": "#texture"}, "up": {"uv": [4.766, 10.016, 5.484, 10.234], "texture": "#texture"}},
			"type": "cube"
		},
		{
			"name": "cube",
			"from": [10.5, 1, 10],
			"to": [11.25, 1.25, 10.25],
			"faces": {"north": {"uv": [11.234, 10.016, 10.516, 10.234], "texture": "#texture"}, "south": {"uv": [10.516, 10.266, 11.234, 10.484], "texture": "#texture"}, "up": {"uv": [10.516, 10.016, 11.234, 10.234], "texture": "#texture"}},
			"type": "cube"
		},
		{
			"name": "cube",
			"from": [5.5, 1, 9.75],
			"to": [10.5, 1.25, 10.5],
			"faces": {
				"north": {"uv": [10.484, 9.766, 5.516, 9.984], "texture": "#texture"},
				"east": {"uv": [10.266, 9.766, 10.484, 10.484], "texture": "#texture", "rotation": 90},
				"south": {"uv": [5.516, 10.266, 10.484, 10.484], "texture": "#texture"},
				"west": {"uv": [5.516, 9.766, 5.734, 10.484], "texture": "#texture", "rotation": 270},
				"up": {"uv": [5.516, 9.766, 10.484, 10.484], "texture": "#texture"}
			},
			"type": "cube"
		},
		{
			"name": "cube",
			"from": [5.75, 1.25, 10],
			"to": [10.25, 1.5, 10.25],
			"faces": {
				"north": {"uv": [10.234, 10.016, 5.766, 10.234], "texture": "#texture"},
				"east": {"uv": [10.016, 10.016, 10.234, 10.234], "texture": "#texture"},
				"south": {"uv": [5.766, 10.016, 10.234, 10.234], "texture": "#texture"},
				"west": {"uv": [5.766, 10.016, 5.984, 10.234], "texture": "#texture"},
				"up": {"uv": [5.766, 10.016, 10.2178, 10.2178], "texture": "#texture"}
			},
			"type": "cube"
		},
		{
			"name": "cube",
			"from": [4.75, 1, 14],
			"to": [5.5, 1.25, 14.25],
			"faces": {"north": {"uv": [5.484, 14.016, 4.766, 14.234], "texture": "#texture"}, "south": {"uv": [4.766, 14.266, 5.484, 14.484], "texture": "#texture"}, "up": {"uv": [4.766, 14.016, 5.484, 14.234], "texture": "#texture"}},
			"type": "cube"
		},
		{
			"name": "cube",
			"from": [10.5, 1, 14],
			"to": [11.25, 1.25, 14.25],
			"faces": {"north": {"uv": [11.234, 14.016, 10.516, 14.234], "texture": "#texture"}, "south": {"uv": [10.516, 14.266, 11.234, 14.484], "texture": "#texture"}, "up": {"uv": [10.516, 14.016, 11.234, 14.234], "texture": "#texture"}},
			"type": "cube"
		},
		{
			"name": "cube",
			"from": [5.5, 1, 13.75],
			"to": [10.5, 1.25, 14.5],
			"faces": {
				"north": {"uv": [10.484, 13.766, 5.516, 13.984], "texture": "#texture"},
				"east": {"uv": [10.266, 13.766, 10.484, 14.484], "texture": "#texture", "rotation": 90},
				"south": {"uv": [5.516, 14.266, 10.484, 14.484], "texture": "#texture"},
				"west": {"uv": [5.516, 13.766, 5.734, 14.484], "texture": "#texture", "rotation": 270},
				"up": {"uv": [5.516, 13.766, 10.484, 14.484], "texture": "#texture"}
			},
			"type": "cube"
		},
		{
			"name": "cube",
			"from": [5.75, 1.25, 14],
			"to": [10.25, 1.5, 14.25],
			"faces": {
				"north": {"uv": [10.234, 14.016, 5.766, 14.234], "texture": "#texture"},
				"east": {"uv": [10.016, 14.016, 10.234, 14.234], "texture": "#texture"},
				"south": {"uv": [5.766, 14.016, 10.234, 14.234], "texture": "#texture"},
				"west": {"uv": [5.766, 14.016, 5.984, 14.234], "texture": "#texture"},
				"up": {"uv": [5.766, 14.016, 10.2178, 14.2178], "texture": "#texture"}
			},
			"type": "cube"
		}
	]
}