{
	"ambientocclusion": false,
	"textures": {"texture": "block/rail", "particle": "block/rail", "rail_parts": "block/rail/rail_parts"},
	"elements": [
		{
			"name": "cube",
			"from": [1.5, 8, 1.7499999999999996],
			"to": [14.5, 9, 3.9999999999999996],
			"faces": {
				"north": {"uv": [12.968, 9.016, 0.016, 9.968], "texture": "#rail_parts"},
				"east": {"uv": [15.218, 9.016, 13.016, 9.968], "texture": "#rail_parts"},
				"south": {"uv": [0.016, 9.016, 12.968, 9.968], "texture": "#rail_parts"},
				"west": {"uv": [13.016, 9.016, 15.218, 9.968], "texture": "#rail_parts"},
				"up": {"uv": [0.016, 0.016, 12.984, 2.234], "texture": "#rail_parts"},
				"down": {"uv": [12.984, 2.234, 0.016, 0.016], "texture": "#rail_parts"}
			},
			"rotation": {"origin": [8, 8, 8], "axis": "x", "angle": 45},
			"type": "cube"
		},
		{
			"name": "cube",
			"from": [1.5, 8, 6.25],
			"to": [14.5, 9, 8.5],
			"faces": {
				"north": {"uv": [12.968, 9.016, 0.016, 9.968], "texture": "#rail_parts"},
				"east": {"uv": [15.218, 9.016, 13.016, 9.968], "texture": "#rail_parts"},
				"south": {"uv": [0.016, 9.016, 12.968, 9.968], "texture": "#rail_parts"},
				"west": {"uv": [13.016, 9.016, 15.218, 9.968], "texture": "#rail_parts"},
				"up": {"uv": [0.016, 2.266, 12.968, 4.468], "texture": "#rail_parts"},
				"down": {"uv": [12.984, 4.484, 0.016, 2.266], "texture": "#rail_parts"}
			},
			"rotation": {"origin": [8, 8, 8], "axis": "x", "angle": 45},
			"type": "cube"
		},
		{
			"name": "cube",
			"from": [1.5, 8, 10.75],
			"to": [14.5, 9, 13],
			"faces": {
				"north": {"uv": [12.968, 9.016, 0.016, 9.968], "texture": "#rail_parts"},
				"east": {"uv": [15.218, 9.016, 13.016, 9.968], "texture": "#rail_parts"},
				"south": {"uv": [0.016, 9.016, 12.968, 9.968], "texture": "#rail_parts"},
				"west": {"uv": [13.016, 9.016, 15.218, 9.968], "texture": "#rail_parts"},
				"up": {"uv": [0.016, 4.516, 12.968, 6.718], "texture": "#rail_parts"},
				"down": {"uv": [12.984, 6.734, 0.016, 4.516], "texture": "#rail_parts"}
			},
			"rotation": {"origin": [8, 8, 8], "axis": "x", "angle": 45},
			"type": "cube"
		},
		{
			"name": "cube",
			"from": [1.5, 8, 15.25],
			"to": [14.5, 9, 17.5],
			"faces": {
				"north": {"uv": [12.968, 9.016, 0.016, 9.968], "texture": "#rail_parts"},
				"east": {"uv": [15.218, 9.016, 13.016, 9.968], "texture": "#rail_parts"},
				"south": {"uv": [0.016, 9.016, 12.968, 9.968], "texture": "#rail_parts"},
				"west": {"uv": [13.016, 9.016, 15.218, 9.968], "texture": "#rail_parts"},
				"up": {"uv": [0.016, 6.766, 12.968, 8.968], "texture": "#rail_parts"},
				"down": {"uv": [12.984, 8.984, 0.016, 6.766], "texture": "#rail_parts"}
			},
			"rotation": {"origin": [8, 8, 8], "axis": "x", "angle": 45},
			"type": "cube"
		},
		{
			"name": "cube",
			"from": [11.75, 8.5, 0],
			"to": [13.25, 9.5, 16],
			"faces": {
				"east": {"uv": [0.016, 15.016, 15.984, 15.984], "texture": "#rail_parts"},
				"west": {"uv": [0.016, 15.016, 15.984, 15.984], "texture": "#rail_parts"},
				"up": {"uv": [11.766, 0.016, 13.234, 15.984], "texture": "#texture"},
				"down": {"uv": [4.234, 0.016, 2.766, 15.984], "texture": "#texture"}
			},
			"rotation": {"origin": [8, 8, 8], "axis": "x", "angle": 45},
			"type": "cube"
		},
		{
			"name": "cube",
			"from": [2.75, 8.5, 0],
			"to": [4.25, 9.5, 16],
			"faces": {
				"east": {"uv": [0.016, 15.016, 15.984, 15.984], "texture": "#rail_parts"},
				"west": {"uv": [0.016, 15.016, 15.984, 15.984], "texture": "#rail_parts"},
				"up": {"uv": [2.766, 0.016, 4.234, 15.984], "texture": "#texture"},
				"down": {"uv": [2.766, 0.016, 4.234, 15.984], "texture": "#texture"}
			},
			"rotation": {"origin": [8, 8, 8], "axis": "x", "angle": 45},
			"type": "cube"
		},
		{
			"name": "cube",
			"from": [13.25, 9, 11.5],
			"to": [14, 9.25, 12.25],
			"faces": {
				"north": {"uv": [13.984, 9.766, 13.266, 9.984], "texture": "#texture"},
				"east": {"uv": [13.766, 9.766, 13.984, 10.484], "texture": "#texture", "rotation": 90},
				"south": {"uv": [13.266, 10.266, 13.984, 10.484], "texture": "#texture"},
				"up": {"uv": [13.266, 9.766, 13.984, 10.484], "texture": "#texture"}
			},
			"rotation": {"origin": [8, 8, 8], "axis": "x", "angle": 45},
			"type": "cube"
		},
		{
			"name": "cube",
			"from": [13.25, 9, 2.4999999999999996],
			"to": [14, 9.25, 3.2499999999999996],
			"faces": {
				"north": {"uv": [13.984, 1.766, 13.266, 1.984], "texture": "#texture"},
				"east": {"uv": [13.766, 1.766, 13.984, 2.484], "texture": "#texture", "rotation": 90},
				"south": {"uv": [13.266, 2.266, 13.984, 2.484], "texture": "#texture"},
				"up": {"uv": [13.266, 1.766, 13.984, 2.484], "texture": "#texture"}
			},
			"rotation": {"origin": [8, 8, 8], "axis": "x", "angle": 45},
			"type": "cube"
		},
		{
			"name": "cube",
			"from": [13.25, 9, 16],
			"to": [14, 9.25, 16.75],
			"faces": {
				"north": {"uv": [13.984, 13.766, 13.266, 13.984], "texture": "#texture"},
				"east": {"uv": [13.766, 13.766, 13.984, 14.484], "texture": "#texture", "rotation": 90},
				"south": {"uv": [13.266, 14.266, 13.984, 14.484], "texture": "#texture"},
				"up": {"uv": [13.266, 13.766, 13.984, 14.484], "texture": "#texture"}
			},
			"rotation": {"origin": [8, 8, 8], "axis": "x", "angle": 45},
			"type": "cube"
		},
		{
			"name": "cube",
			"from": [2, 9, 16],
			"to": [2.75, 9.25, 16.75],
			"faces": {
				"north": {"uv": [2.016, 13.766, 2.734, 13.984], "texture": "#texture"},
				"south": {"uv": [2.734, 14.266, 2.016, 14.484], "texture": "#texture"},
				"west": {"uv": [2.516, 13.766, 2.734, 14.484], "texture": "#texture", "rotation": 270},
				"up": {"uv": [2.734, 13.766, 2.016, 14.484], "texture": "#texture"}
			},
			"rotation": {"origin": [8, 8, 8], "axis": "x", "angle": 45},
			"type": "cube"
		},
		{
			"name": "cube",
			"from": [2, 9, 11.5],
			"to": [2.75, 9.25, 12.25],
			"faces": {
				"north": {"uv": [2.016, 9.766, 2.734, 9.984], "texture": "#texture"},
				"south": {"uv": [2.734, 10.266, 2.016, 10.484], "texture": "#texture"},
				"west": {"uv": [2.516, 9.766, 2.734, 10.484], "texture": "#texture", "rotation": 270},
				"up": {"uv": [2.734, 9.766, 2.016, 10.484], "texture": "#texture"}
			},
			"rotation": {"origin": [8, 8, 8], "axis": "x", "angle": 45},
			"type": "cube"
		},
		{
			"name": "cube",
			"from": [2, 9, 2.4999999999999996],
			"to": [2.75, 9.25, 3.2499999999999996],
			"faces": {
				"north": {"uv": [2.016, 1.766, 2.734, 1.984], "texture": "#texture"},
				"south": {"uv": [2.734, 2.266, 2.016, 2.484], "texture": "#texture"},
				"west": {"uv": [2.516, 1.766, 2.718, 2.468], "texture": "#texture", "rotation": 90},
				"up": {"uv": [2.734, 1.766, 2.016, 2.484], "texture": "#texture"}
			},
			"rotation": {"origin": [8, 8, 8], "axis": "x", "angle": 45},
			"type": "cube"
		},
		{
			"name": "cube",
			"from": [13.25, 9, -2.0000000000000004],
			"to": [14, 9.25, -1.2500000000000004],
			"faces": {
				"north": {"uv": [13.984, 5.766, 13.266, 5.984], "texture": "#texture"},
				"east": {"uv": [13.766, 5.766, 13.984, 6.484], "texture": "#texture", "rotation": 90},
				"south": {"uv": [13.266, 6.266, 13.984, 6.484], "texture": "#texture"},
				"up": {"uv": [13.266, 5.766, 13.984, 6.484], "texture": "#texture"}
			},
			"rotation": {"origin": [8, 8, 8], "axis": "x", "angle": 45},
			"type": "cube"
		},
		{
			"name": "cube",
			"from": [1.5, 8, -2.7500000000000004],
			"to": [14.5, 9, -0.5000000000000004],
			"faces": {
				"north": {"uv": [12.968, 9.016, 0.016, 9.968], "texture": "#rail_parts"},
				"east": {"uv": [15.218, 9.016, 13.016, 9.968], "texture": "#rail_parts"},
				"south": {"uv": [0.016, 9.016, 12.968, 9.968], "texture": "#rail_parts"},
				"west": {"uv": [13.016, 9.016, 15.218, 9.968], "texture": "#rail_parts"},
				"up": {"uv": [0.016, 4.516, 12.968, 6.718], "texture": "#rail_parts"},
				"down": {"uv": [12.984, 4.484, 0.016, 2.266], "texture": "#rail_parts"}
			},
			"rotation": {"origin": [8, 8, 8], "axis": "x", "angle": 45},
			"type": "cube"
		},
		{
			"name": "cube",
			"from": [11.7496, 8.5, -3.935],
			"to": [13.250399999999999, 9.5, 0.001],
			"faces": {
				"north": {"uv": [2.766, 0.016, 4.234, 0.984], "texture": "#texture"},
				"east": {"uv": [0.016, 15.016, 3.936, 15.984], "texture": "#rail_parts"},
				"west": {"uv": [12.064, 15.016, 15.984, 15.984], "texture": "#rail_parts"},
				"up": {"uv": [11.766, 10.062, 13.234, 13.998], "texture": "#texture"},
				"down": {"uv": [4.234, 0.016, 2.766, 3.936], "texture": "#texture"}
			},
			"rotation": {"origin": [8, 8, 8], "axis": "x", "angle": 45},
			"type": "cube"
		},
		{
			"name": "cube",
			"from": [2.7496000000000005, 8.5, -3.935],
			"to": [4.250400000000001, 9.5, 0.001],
			"faces": {
				"north": {"uv": [11.766, 0.016, 13.234, 0.984], "texture": "#texture"},
				"east": {"uv": [10.766, 15.016, 14.686, 15.984], "texture": "#rail_parts"},
				"west": {"uv": [12.064, 15.016, 15.984, 15.984], "texture": "#rail_parts"},
				"up": {"uv": [2.766, 12.08, 4.234, 15.984], "texture": "#texture"},
				"down": {"uv": [13.234, 0.016, 11.766, 3.936], "texture": "#texture"}
			},
			"rotation": {"origin": [8, 8, 8], "axis": "x", "angle": 45},
			"type": "cube"
		},
		{
			"name": "cube",
			"from": [2, 9, -2.0000000000000004],
			"to": [2.75, 9.25, -1.2500000000000004],
			"faces": {
				"north": {"uv": [2.016, 5.766, 2.734, 5.984], "texture": "#texture"},
				"south": {"uv": [2.734, 6.266, 2.016, 6.484], "texture": "#texture"},
				"west": {"uv": [2.516, 5.766, 2.734, 6.484], "texture": "#texture", "rotation": 270},
				"up": {"uv": [2.734, 5.766, 2.016, 6.484], "texture": "#texture"}
			},
			"rotation": {"origin": [8, 8, 8], "axis": "x", "angle": 45},
			"type": "cube"
		},
		{
			"name": "cube",
			"from": [11.7496, 8.501, 16],
			"to": [13.250399999999999, 9.501, 18.6934],
			"faces": {
				"east": {"uv": [13.3069, 15.016, 15.984, 15.984], "texture": "#rail_parts"},
				"south": {"uv": [11.766, 14.766, 13.234, 15.984], "texture": "#texture"},
				"west": {"uv": [0.016, 15.016, 2.6931, 15.984], "texture": "#rail_parts"},
				"up": {"uv": [11.766, 0.016, 13.234, 2.6931], "texture": "#texture"},
				"down": {"uv": [4.234, 2.6931, 2.766, 0.016], "texture": "#texture"}
			},
			"rotation": {"origin": [8, 8, 8], "axis": "x", "angle": 45},
			"type": "cube"
		},
		{
			"name": "cube",
			"from": [2.7496, 8.501, 16],
			"to": [4.2504, 9.501, 18.6934],
			"faces": {
				"east": {"uv": [13.3069, 15.016, 15.984, 15.984], "texture": "#rail_parts"},
				"south": {"uv": [2.766, 0.016, 4.234, 1.234], "texture": "#texture"},
				"west": {"uv": [0.016, 15.016, 2.6931, 15.984], "texture": "#rail_parts"},
				"up": {"uv": [2.766, 0.016, 4.234, 2.6931], "texture": "#texture"},
				"down": {"uv": [13.234, 2.6931, 11.766, 0.016], "texture": "#texture"}
			},
			"rotation": {"origin": [8, 8, 8], "axis": "x", "angle": 45},
			"type": "cube"
		},
		{
			"name": "cube",
			"from": [2.7504, 16.75, 0.002],
			"to": [4.2496, 17.5, 0.6213],
			"faces": {
				"north": {"uv": [11.766, 0.016, 13.234, 0.734], "texture": "#texture"},
				"east": {"uv": [0.016, 15.016, 0.62, 15.734], "texture": "#rail_parts"},
				"west": {"uv": [0.016, 15.016, 0.62, 15.734], "texture": "#rail_parts"},
				"up": {"uv": [2.766, 0.016, 4.234, 0.62], "texture": "#texture"},
				"down": {"uv": [2.766, 0.016, 4.234, 0.62], "texture": "#texture"}
			},
			"type": "cube"
		},
		{
			"name": "cube",
			"from": [11.7504, 16.75, 0.002],
			"to": [13.2496, 17.5, 0.6213],
			"faces": {
				"north": {"uv": [2.766, 0.016, 4.234, 0.734], "texture": "#texture"},
				"east": {"uv": [0.016, 15.016, 0.62, 15.734], "texture": "#rail_parts"},
				"west": {"uv": [0.016, 15.016, 0.62, 15.734], "texture": "#rail_parts"},
				"up": {"uv": [11.766, 0.016, 13.234, 0.62], "texture": "#texture"},
				"down": {"uv": [4.234, 15.266, 2.766, 15.87], "texture": "#texture"}
			},
			"type": "cube"
		},
		{
			"name": "cube",
			"from": [2, 9, 7],
			"to": [2.75, 9.25, 7.75],
			"faces": {
				"north": {"uv": [2.016, 5.766, 2.734, 5.984], "texture": "#texture"},
				"south": {"uv": [2.734, 6.266, 2.016, 6.484], "texture": "#texture"},
				"west": {"uv": [2.516, 5.766, 2.734, 6.484], "texture": "#texture", "rotation": 270},
				"up": {"uv": [2.734, 5.766, 2.016, 6.484], "texture": "#texture"}
			},
			"rotation": {"origin": [8, 8, 8], "axis": "x", "angle": 45},
			"type": "cube"
		},
		{
			"name": "cube",
			"from": [13.25, 9, 7],
			"to": [14, 9.25, 7.75],
			"faces": {
				"north": {"uv": [13.984, 5.766, 13.266, 5.984], "texture": "#texture"},
				"east": {"uv": [13.766, 5.766, 13.984, 6.484], "texture": "#texture", "rotation": 90},
				"south": {"uv": [13.266, 6.266, 13.984, 6.484], "texture": "#texture"},
				"up": {"uv": [13.266, 5.766, 13.984, 6.484], "texture": "#texture"}
			},
			"rotation": {"origin": [8, 8, 8], "axis": "x", "angle": 45},
			"type": "cube"
		}
	]
}