{
	"credit": "Made by leagris for Soartex Fanver, with Blockbench, a free, modern block model editor by JannisX11",
	"parent": "block/door/door_top",
	"textures": {
		"front": "block/door/wood/lower_front",
		"parts": "block/door/wood/parts",
		"texture": "block/door/wood/lower",
		"particle": "block/door/wood/lower"
	},
	"elements": [
		{
			"name": "cube",
			"from": [0, 0, 0],
			"to": [16, 16, 1.25],
			"faces": {
				"north": {"uv": [15.984, 0.016, 0.016, 15.984], "texture": "#texture"},
				"east": {"uv": [3.766, 0.016, 4.968, 15.968], "texture": "#parts"},
				"south": {"uv": [0.016, 0.016, 15.984, 15.984], "texture": "#front"},
				"west": {"uv": [2.484, 0.016, 1.266, 15.984], "texture": "#parts"},
				"down": {"uv": [1.234, 0.016, 0.016, 15.984], "texture": "#parts", "rotation": 90}
			},
			"type": "cube"
		},
		{
			"name": "cube",
			"from": [1, 2.5, -0.25],
			"to": [15.996, 3.75, 0],
			"faces": {
				"north": {"uv": [1.016, 12.266, 15.968, 13.468], "texture": "#texture"},
				"east": {"uv": [15.766, 12.266, 15.968, 13.468], "texture": "#texture"},
				"up": {"uv": [1.016, 12.266, 15.968, 12.484], "texture": "#texture", "rotation": 180},
				"down": {"uv": [1.016, 13.266, 15.968, 13.468], "texture": "#texture", "rotation": 180}
			},
			"type": "cube"
		},
		{
			"name": "cube",
			"from": [0.75, 2.25, -0.25],
			"to": [1, 4, 0],
			"faces": {
				"north": {"uv": [0.766, 12.016, 0.968, 13.718], "texture": "#texture"},
				"east": {"uv": [0.766, 12.016, 0.968, 13.718], "texture": "#texture"},
				"up": {"uv": [0.766, 12.016, 0.984, 12.234], "texture": "#texture", "rotation": 270},
				"down": {"uv": [0.766, 13.516, 0.984, 13.734], "texture": "#texture", "rotation": 90}
			},
			"type": "cube"
		},
		{
			"name": "cube",
			"from": [0.0040000000000000036, 2, -0.25],
			"to": [0.75, 4.25, 0],
			"faces": {
				"north": {"uv": [0.718, 11.766, 0.016, 13.968], "texture": "#texture"},
				"east": {"uv": [0.516, 11.766, 0.718, 13.968], "texture": "#texture"},
				"west": {"uv": [0.016, 11.766, 0.218, 13.968], "texture": "#texture"},
				"up": {"uv": [0.718, 11.766, 0.016, 11.968], "texture": "#texture"},
				"down": {"uv": [0.718, 13.766, 0.016, 13.968], "texture": "#texture", "rotation": 180}
			},
			"type": "cube"
		},
		{
			"name": "cube",
			"from": [14.5, 11, -0.25],
			"to": [15, 15.75, 0],
			"faces": {
				"north": {"uv": [14.984, 0.266, 14.516, 4.984], "texture": "#texture"},
				"east": {"uv": [14.766, 0.266, 14.984, 4.984], "texture": "#texture"},
				"west": {"uv": [14.516, 0.266, 14.734, 4.984], "texture": "#texture"},
				"up": {"uv": [14.516, 0.266, 14.984, 0.484], "texture": "#front"},
				"down": {"uv": [14.516, 4.766, 14.984, 4.984], "texture": "#front"}
			},
			"type": "cube"
		},
		{
			"name": "cube",
			"from": [14.25, 15, -0.25],
			"to": [14.5, 15.5, 0],
			"faces": {
				"north": {"uv": [14.266, 0.516, 14.484, 0.984], "texture": "#texture"},
				"west": {"uv": [14.266, 0.516, 14.484, 0.984], "texture": "#texture"},
				"up": {"uv": [14.266, 0.516, 14.484, 0.734], "texture": "#texture", "rotation": 270},
				"down": {"uv": [14.266, 0.766, 14.484, 0.984], "texture": "#texture", "rotation": 90}
			},
			"type": "cube"
		},
		{
			"name": "cube",
			"from": [14.25, 11.25, -0.25],
			"to": [14.5, 11.75, 0],
			"faces": {
				"north": {"uv": [14.266, 4.266, 14.484, 4.734], "texture": "#texture"},
				"west": {"uv": [14.266, 4.266, 14.484, 4.734], "texture": "#texture"},
				"up": {"uv": [14.266, 4.266, 14.484, 4.484], "texture": "#texture", "rotation": 270},
				"down": {"uv": [14.266, 4.516, 14.484, 4.734], "texture": "#texture", "rotation": 90}
			},
			"type": "cube"
		},
		{
			"name": "cube",
			"from": [15, 11.25, -0.25],
			"to": [15.25, 11.75, 0],
			"faces": {
				"north": {"uv": [15.016, 4.266, 15.234, 4.734], "texture": "#texture"},
				"east": {"uv": [15.016, 4.266, 15.234, 4.734], "texture": "#texture"},
				"up": {"uv": [15.016, 4.266, 15.234, 4.484], "texture": "#texture", "rotation": 270},
				"down": {"uv": [15.016, 4.516, 15.234, 4.734], "texture": "#texture", "rotation": 90}
			},
			"type": "cube"
		},
		{
			"name": "cube",
			"from": [15, 15, -0.25],
			"to": [15.25, 15.5, 0],
			"faces": {
				"north": {"uv": [15.016, 0.516, 15.234, 0.984], "texture": "#texture"},
				"east": {"uv": [15.016, 0.516, 15.234, 0.984], "texture": "#texture"},
				"up": {"uv": [15.016, 0.516, 15.234, 0.734], "texture": "#texture", "rotation": 270},
				"down": {"uv": [15.016, 0.766, 15.234, 0.984], "texture": "#texture", "rotation": 90}
			},
			"type": "cube"
		},
		{
			"name": "cube",
			"from": [15, 15, 1.25],
			"to": [15.25, 15.5, 1.5],
			"faces": {
				"east": {"uv": [15.234, 0.516, 15.016, 0.984], "texture": "#texture"},
				"south": {"uv": [15.016, 0.516, 15.234, 0.984], "texture": "#texture"},
				"up": {"uv": [15.016, 0.516, 15.234, 0.734], "texture": "#texture", "rotation": 270},
				"down": {"uv": [15.016, 0.766, 15.234, 0.984], "texture": "#texture", "rotation": 90}
			},
			"type": "cube"
		},
		{
			"name": "cube",
			"from": [14.25, 15, 1.25],
			"to": [14.5, 15.5, 1.5],
			"faces": {
				"south": {"uv": [14.266, 0.516, 14.484, 0.984], "texture": "#texture"},
				"west": {"uv": [14.484, 0.516, 14.266, 0.984], "texture": "#texture"},
				"up": {"uv": [14.484, 0.516, 14.266, 0.734], "texture": "#texture", "rotation": 270},
				"down": {"uv": [14.484, 0.766, 14.266, 0.984], "texture": "#texture", "rotation": 90}
			},
			"type": "cube"
		},
		{
			"name": "cube",
			"from": [14.5, 11, 1.25],
			"to": [15, 15.75, 1.5],
			"faces": {
				"east": {"uv": [14.984, 0.266, 14.766, 4.984], "texture": "#texture"},
				"south": {"uv": [14.516, 0.266, 14.984, 4.984], "texture": "#texture"},
				"west": {"uv": [14.734, 0.266, 14.516, 4.984], "texture": "#texture"},
				"up": {"uv": [14.516, 0.266, 14.984, 0.484], "texture": "#front"},
				"down": {"uv": [14.984, 4.766, 14.516, 4.984], "texture": "#front"}
			},
			"type": "cube"
		},
		{
			"name": "cube",
			"from": [15, 11.25, 1.25],
			"to": [15.25, 11.75, 1.5],
			"faces": {
				"east": {"uv": [15.016, 4.266, 15.234, 4.734], "texture": "#texture"},
				"south": {"uv": [15.016, 4.266, 15.234, 4.734], "texture": "#texture"},
				"up": {"uv": [15.016, 4.266, 15.234, 4.484], "texture": "#texture", "rotation": 270},
				"down": {"uv": [15.016, 4.516, 15.234, 4.734], "texture": "#texture", "rotation": 90}
			},
			"type": "cube"
		},
		{
			"name": "cube",
			"from": [14.25, 11.25, 1.25],
			"to": [14.5, 11.75, 1.5],
			"faces": {
				"south": {"uv": [14.266, 4.266, 14.484, 4.734], "texture": "#texture"},
				"west": {"uv": [14.266, 4.266, 14.484, 4.734], "texture": "#texture"},
				"up": {"uv": [14.484, 4.266, 14.266, 4.484], "texture": "#texture", "rotation": 270},
				"down": {"uv": [14.484, 4.516, 14.266, 4.734], "texture": "#texture", "rotation": 90}
			},
			"type": "cube"
		}
	]
}