{
	"credit": "Made with Blockbench",
	"ambientocclusion": false,
	"textures": {
		"flowerpot": "block/flower_pot",
		"particle": "block/flower_pot",
		"cactus": "block/cactus_side_pot"
	},
	"elements": [
		{
			"from": [6, 4, 6],
			"to": [10, 8, 10],
			"faces": {
				"north": {"uv": [6, 8, 10, 12], "texture": "#cactus"},
				"east": {"uv": [6, 8, 10, 12], "texture": "#cactus"},
				"south": {"uv": [6, 8, 10, 12], "texture": "#cactus"},
				"west": {"uv": [6, 8, 10, 12], "texture": "#cactus"}
			}
		},
		{
			"from": [6, 8, 6],
			"to": [10, 12, 10],
			"faces": {
				"north": {"uv": [6, 4, 10, 8], "texture": "#cactus"},
				"east": {"uv": [6, 4, 10, 8], "texture": "#cactus"},
				"south": {"uv": [6, 4, 10, 8], "texture": "#cactus"},
				"west": {"uv": [6, 4, 10, 8], "texture": "#cactus"}
			}
		},
		{
			"from": [6, 12, 6],
			"to": [10, 16, 10],
			"faces": {
				"north": {"uv": [6, 0, 10, 4], "texture": "#cactus"},
				"east": {"uv": [6, 0, 10, 4], "texture": "#cactus"},
				"south": {"uv": [6, 0, 10, 4], "texture": "#cactus"},
				"west": {"uv": [6, 0, 10, 4], "texture": "#cactus"},
				"up": {"uv": [0, 0, 4, 4], "texture": "#cactus"}
			}
		},
		{
			"name": "Element",
			"from": [5, 0, 5],
			"to": [6, 6, 11],
			"faces": {
				"north": {"uv": [10, 10, 11, 16], "texture": "#flowerpot"},
				"east": {"uv": [5, 10, 11, 16], "texture": "#flowerpot"},
				"south": {"uv": [5, 10, 6, 16], "texture": "#flowerpot"},
				"west": {"uv": [5, 10, 11, 16], "texture": "#flowerpot"},
				"up": {"uv": [5, 5, 6, 11], "texture": "#flowerpot"},
				"down": {"uv": [5, 11, 6, 16], "texture": "#flowerpot", "cullface": "down"}
			}
		},
		{
			"name": "Element",
			"from": [10, 0, 5],
			"to": [11, 6, 11],
			"faces": {
				"north": {"uv": [5, 10, 6, 16], "texture": "#flowerpot"},
				"east": {"uv": [5, 10, 11, 16], "texture": "#flowerpot"},
				"south": {"uv": [10, 10, 11, 16], "texture": "#flowerpot"},
				"west": {"uv": [5, 10, 11, 16], "texture": "#flowerpot"},
				"up": {"uv": [10, 5, 11, 11], "texture": "#flowerpot"},
				"down": {"uv": [10, 11, 11, 16], "texture": "#flowerpot", "cullface": "down"}
			}
		},
		{
			"name": "Element",
			"from": [6, 0, 5],
			"to": [10, 6, 6],
			"faces": {
				"north": {"uv": [6, 10, 10, 16], "texture": "#flowerpot"},
				"east": {"uv": [0, 0, 0, 0], "texture": "#flowerpot"},
				"south": {"uv": [6, 10, 10, 16], "texture": "#flowerpot"},
				"west": {"uv": [0, 0, 0, 0], "texture": "#flowerpot"},
				"up": {"uv": [6, 5, 10, 6], "texture": "#flowerpot"},
				"down": {"uv": [6, 15.5, 10, 16], "texture": "#flowerpot", "cullface": "down"}
			}
		},
		{
			"name": "Element",
			"from": [6, 0, 10],
			"to": [10, 6, 11],
			"faces": {
				"north": {"uv": [6, 10, 10, 16], "texture": "#flowerpot"},
				"east": {"uv": [0, 0, 0, 0], "texture": "#flowerpot"},
				"south": {"uv": [6, 10, 10, 16], "texture": "#flowerpot"},
				"west": {"uv": [0, 0, 0, 0], "texture": "#flowerpot"},
				"up": {"uv": [6, 10, 10, 11], "texture": "#flowerpot"},
				"down": {"uv": [6, 11, 10, 11.5], "texture": "#flowerpot", "cullface": "down"}
			}
		},
		{
			"name": "Element",
			"from": [6, 0, 6],
			"to": [10, 1, 10],
			"faces": {
				"north": {"uv": [6, 9, 10, 10], "texture": "#flowerpot"},
				"east": {"uv": [6, 9, 10, 10], "texture": "#flowerpot"},
				"south": {"uv": [6, 9, 10, 10], "texture": "#flowerpot"},
				"west": {"uv": [6, 9, 10, 10], "texture": "#flowerpot"},
				"up": {"uv": [6, 11.5, 10, 15.5], "texture": "#flowerpot"},
				"down": {"uv": [6, 11.5, 10, 15.5], "texture": "#flowerpot"}
			}
		}
	]
}