{
	"credit": "Made with Blockbench",
	"textures": {
		"2": "block/fence/fence_dark_oak_top",
		"3": "block/fence/fence_dark_oak_side",
		"post": "block/stone",
		"particle": "block/bell_side"
	},
	"elements": [
		{
			"from": [2, 13, 7],
			"to": [14, 15, 9],
			"faces": {
				"north": {"uv": [6, 0, 10, 16], "rotation": 270, "texture": "#3"},
				"east": {"uv": [6, 6, 10, 10], "texture": "#2"},
				"south": {"uv": [6, 0, 10, 16], "rotation": 90, "texture": "#3"},
				"west": {"uv": [6, 6, 10, 10], "texture": "#2"},
				"up": {"uv": [6, 0, 10, 16], "rotation": 90, "texture": "#3"},
				"down": {"uv": [6, 0, 10, 16], "rotation": 90, "texture": "#3"}
			}
		},
		{
			"from": [14, 0, 6],
			"to": [16, 16, 10],
			"faces": {
				"north": {"uv": [0, 1, 2, 16], "texture": "#post"},
				"east": {"uv": [0, 1, 4, 16], "texture": "#post"},
				"south": {"uv": [0, 1, 2, 16], "texture": "#post"},
				"west": {"uv": [0, 1, 4, 16], "texture": "#post"},
				"up": {"uv": [0, 0, 2, 4], "texture": "#post", "cullface": "up"},
				"down": {"uv": [0, 0, 2, 4], "texture": "#post", "cullface": "down"}
			}
		},
		{
			"from": [0, 0, 6],
			"to": [2, 16, 10],
			"faces": {
				"north": {"uv": [0, 1, 2, 16], "texture": "#post"},
				"east": {"uv": [0, 1, 4, 16], "texture": "#post"},
				"south": {"uv": [0, 1, 2, 16], "texture": "#post"},
				"west": {"uv": [0, 1, 4, 16], "texture": "#post"},
				"up": {"uv": [0, 0, 2, 4], "texture": "#post", "cullface": "up"},
				"down": {"uv": [0, 0, 2, 4], "texture": "#post", "cullface": "down"}
			}
		}
	]
}