{
	"credit": "Made with Blockbench",
	"textures": {
		"2": "block/fence/fence_dark_oak_side",
		"3": "block/fence/fence_dark_oak_top",
		"particle": "block/bell_side"
	},
	"elements": [
		{
			"from": [7, 13, 7],
			"to": [9, 16, 9],
			"faces": {
				"north": {"uv": [6, 0, 10, 3], "texture": "#2"},
				"east": {"uv": [6, 0, 10, 3], "texture": "#2"},
				"south": {"uv": [6, 0, 10, 3], "texture": "#2"},
				"west": {"uv": [6, 0, 10, 3], "texture": "#2"},
				"up": {"uv": [6, 6, 10, 10], "texture": "#3", "cullface": "up"},
				"down": {"uv": [6, 6, 10, 10], "texture": "#3", "cullface": "up"}
			}
		}
	]
}