{
    "variants": {
        "facing=north,lit=true": { "model": "block/campfire/campfire", "y": 180 },
        "facing=south,lit=true": { "model": "block/campfire/campfire" },
        "facing=east,lit=true": { "model": "block/campfire/campfire", "y": 270 },
        "facing=west,lit=true": { "model": "block/campfire/campfire", "y": 90 },
        "facing=north,lit=false": { "model": "block/campfire/campfire_off", "y": 180 },
        "facing=south,lit=false": { "model": "block/campfire/campfire_off" },
        "facing=east,lit=false": { "model": "block/campfire/campfire_off", "y": 270 },
        "facing=west,lit=false": { "model": "block/campfire/campfire_off", "y": 90 }
    }
}
