{
    "variants": {
        "": [
          { "model": "block/grass/tall_grass" },
          { "model": "block/grass/tall_grass_2" },
          { "model": "block/grass/tall_grass_3" },
          { "model": "block/grass/tall_grass_4" },
          { "model": "block/grass/tall_grass_5" },
          { "model": "block/grass/tall_grass_6" },
          { "model": "block/grass/tall_grass_7" },
          { "model": "block/grass/tall_grass_22" },
          { "model": "block/grass/tall_grass_2_22" },
          { "model": "block/grass/tall_grass_3_22" },
          { "model": "block/grass/tall_grass_4_22" },
          { "model": "block/grass/tall_grass_5_22" },
          { "model": "block/grass/tall_grass_6_22" },
          { "model": "block/grass/tall_grass_7_22" },
          { "model": "block/grass/tall_grass_0" },
          { "model": "block/grass/tall_grass_2_0" },
          { "model": "block/grass/tall_grass_3_0" },
          { "model": "block/grass/tall_grass_4_0" },
          { "model": "block/grass/tall_grass_5_0" },
          { "model": "block/grass/tall_grass_6_0" },
          { "model": "block/grass/tall_grass_7_0" }
        ]
    }
}
