{
    "variants": {
        "facing=north,half=bottom,open=false": { "model": "block/trapdoor/oak/bottom" },
        "facing=north,half=bottom,open=true": { "model": "block/trapdoor/oak/bottom_open" },

        "facing=east,half=bottom,open=false": { "model": "block/trapdoor/oak/bottom", "y": 90 },
        "facing=east,half=bottom,open=true": { "model": "block/trapdoor/oak/bottom_open", "y": 90 },

        "facing=south,half=bottom,open=false": { "model": "block/trapdoor/oak/bottom", "y": 180 },
        "facing=south,half=bottom,open=true": { "model": "block/trapdoor/oak/bottom_open", "y": 180 },

        "facing=west,half=bottom,open=false": { "model": "block/trapdoor/oak/bottom", "y": 270 },
        "facing=west,half=bottom,open=true": { "model": "block/trapdoor/oak/bottom_open", "y": 270 },

        "facing=north,half=top,open=false": { "model": "block/trapdoor/oak/top" },
        "facing=north,half=top,open=true": { "model": "block/trapdoor/oak/top_open" },

        "facing=east,half=top,open=false": { "model": "block/trapdoor/oak/top", "y": 90 },
        "facing=east,half=top,open=true": { "model": "block/trapdoor/oak/top_open", "y": 90 },

        "facing=south,half=top,open=false": { "model": "block/trapdoor/oak/top", "y": 180 },
        "facing=south,half=top,open=true": { "model": "block/trapdoor/oak/top_open", "y": 180 },

        "facing=west,half=top,open=false": { "model": "block/trapdoor/oak/top", "y": 270 },
        "facing=west,half=top,open=true": { "model": "block/trapdoor/oak/top_open", "y": 270 }
    }
}
